regid,geom
949328a5-2aec-47ee-9cac-b9a52e4e66eb,"{""type"": ""Point"", ""coordinates"": [-74.0048175933771, 40.73908985397376]}"
ac28af27-60f2-4ca6-bc5f-e6acf265db5e,"{""type"": ""Point"", ""coordinates"": [-74.01639461517335, 40.7028951229916]}"
c6cc91cf-eb41-4aa7-93e0-bdb56961f12a,"{""type"": ""Point"", ""coordinates"": [-73.97714853286745, 40.68717112404509]}"
e1796532-145b-4b86-9ec1-b60dbe7f7cfa,"{""type"": ""Polygon"", ""coordinates"": [[[-74.00406718254091, 40.71105256950015], [-74.00001168251039, 40.707701874909354], [-73.99871349334718, 40.708450102885365], [-74.00256514549257, 40.71158931558724], [-74.00406718254091, 40.71105256950015]]]}"
a4e24d2d-821a-4f52-8e42-36871e581a1a,"{""type"": ""Point"", ""coordinates"": [-73.98406326770784, 40.77767764030342]}"
2cdd3fee-9f0c-4483-8040-f440063df933,"{""type"": ""LineString"", ""coordinates"": [[-73.9717197418213, 40.72735633420242], [-73.95867347717287, 40.75857035140237]]}"
07c01b4e-dc6a-42c2-b2ae-7de02424e9b1,"{""type"": ""Point"", ""coordinates"": [-73.92201304435731, 40.75478724495737]}"
6ed5c928-d9df-4863-849f-38c96c58c2eb,"{""type"": ""Point"", ""coordinates"": [-73.90241682529451, 40.66350085351466]}"
380d91bd-1541-4f89-bc66-b0a819d0364b,"{""type"": ""LineString"", ""coordinates"": [[-73.98720145225526, 40.583599527444136], [-73.98665964603425, 40.583656564089054]]}"
61673b04-8ad2-436b-85af-6631ae8ee79f,"{""type"": ""LineString"", ""coordinates"": [[-73.9105546474457, 40.85446165720634], [-73.9144277572632, 40.85102891967906]]}"
47191ff0-e77f-4af4-ae3e-5ce5cf1c6b50,"{""type"": ""LineString"", ""coordinates"": [[-73.88700485229494, 40.765006420148175], [-73.86917352676393, 40.761918485139915]]}"
9442ac13-8a0e-4d19-9be8-937497b39406,"{""type"": ""Point"", ""coordinates"": [-73.88169173151256, 40.88608146557509]}"
e055d167-6cdb-45a2-8028-cf52446c93c7,"{""type"": ""Point"", ""coordinates"": [-74.01639461517335, 40.702634849027795]}"
39144612-73cc-469a-a76f-22e0de207c1f,"{""type"": ""Point"", ""coordinates"": [-73.91796230105685, 40.67131817466704]}"
478d49b9-dd4d-4094-9382-d16fedf6fa32,"{""type"": ""LineString"", ""coordinates"": [[-73.91052246093751, 40.85446165720634], [-73.91440629959108, 40.85102080424958]]}"
7ff4821b-d617-40f8-8983-82b1e329990c,"{""type"": ""Point"", ""coordinates"": [-73.90027642250062, 40.87984054074003]}"
954878f1-1928-4917-b662-4bccaa8ac0e8,"{""type"": ""Point"", ""coordinates"": [-73.89422144042328, 40.77010250057527]}"
a9450ad9-782b-42dd-a631-32d5ee7bee3f,"{""type"": ""Point"", ""coordinates"": [-73.91831696033479, 40.760792978416774]}"
64654b29-f69a-4e3e-bde9-90de46239529,"{""type"": ""LineString"", ""coordinates"": [[-73.94202232360841, 40.70081290280357], [-73.90537261962892, 40.68005221171982]]}"
6fe84839-fed4-4374-a030-d28fe2cc95ea,"{""type"": ""Point"", ""coordinates"": [-74.08641099929811, 40.63526292818082]}"
756acda5-623c-498c-927a-9f4a598296c8,"{""type"": ""Point"", ""coordinates"": [-73.85167479515077, 40.723213686144184]}"
ee283de2-e835-4e94-9371-465cb6d9a6d6,"{""type"": ""Point"", ""coordinates"": [-73.96690249443056, 40.695318294477865]}"
3a484c9f-c889-48dd-8b00-910ca795b27a,"{""type"": ""Point"", ""coordinates"": [-73.94509699428455, 40.83426163805452]}"
efa75496-5a0b-48fe-a1c9-7146b3ec9c02,"{""type"": ""Point"", ""coordinates"": [-73.90708386898042, 40.77160843143314]}"
7d03bf4f-0f90-4c22-b71a-8aa604b7982a,"{""type"": ""Point"", ""coordinates"": [-73.97246003150941, 40.68580435185862]}"
9a55fa91-28f9-4688-9930-d69b3f81d143,"{""type"": ""Point"", ""coordinates"": [-73.82169842720033, 40.695005116621786]}"
0972dc4f-a0bb-488b-9024-ec2e02536c12,"{""type"": ""Point"", ""coordinates"": [-73.93088046927006, 40.85191728373825]}"
e89ac338-1045-4651-8694-c2713f7ccc51,"{""type"": ""Point"", ""coordinates"": [-73.85636866092683, 40.8575250020921]}"
e8159b40-374b-4ee9-a80c-502e152ad0f4,"{""type"": ""Point"", ""coordinates"": [-74.10211265087129, 40.644315994469075]}"
b6bdff54-a48e-4797-8c0c-df93daba28f7,"{""type"": ""Point"", ""coordinates"": [-73.99952352046968, 40.733661282960725]}"
d6b6ba65-dee5-47c2-8b4f-4cc90d5bbd6e,"{""type"": ""Point"", ""coordinates"": [-74.01611851528287, 40.70660294748285]}"
f8e5d6df-82c4-49be-92c5-3a1618ec9365,"{""type"": ""Polygon"", ""coordinates"": [[[-73.95387284690516, 40.57735384790673], [-73.95376432221384, 40.57736167844798], [-73.95366669399665, 40.57686935525857], [-73.95378259476276, 40.576857911761145], [-73.95387284690516, 40.57735384790673]]]}"
faff64ae-9e5f-4230-b583-cb06f1f82d58,"{""type"": ""Point"", ""coordinates"": [-73.8648032443598, 40.88951322596883]}"
14951b65-2cab-4edb-8deb-ecb3f3be0678,"{""type"": ""Point"", ""coordinates"": [-73.76144528388978, 40.747557702778714]}"
e539e2eb-93d6-4d1f-93e5-aecac3aef906,"{""type"": ""LineString"", ""coordinates"": [[-74.0046787261963, 40.66088025198849], [-74.01231765747072, 40.65352248500998]]}"
0b58030e-5bb4-435e-8a8b-d7c6ea225a83,"{""type"": ""LineString"", ""coordinates"": [[-73.97345781326295, 40.763649371644135], [-73.97035717964174, 40.76234917942164]]}"
41fceb84-7d18-476c-82e2-493f7b612ac6,"{""type"": ""LineString"", ""coordinates"": [[-73.91553999390455, 40.85052522225311], [-73.91945136711001, 40.84775854300505]]}"
38c63824-3358-4d31-95e6-350863ff9fe2,"{""type"": ""Point"", ""coordinates"": [-73.90845179557802, 40.813520970441054]}"
389b5391-d545-43ec-9bd3-68b94d5e1e8f,"{""type"": ""Point"", ""coordinates"": [-73.90469133853914, 40.727360399481135]}"
ca38ab94-9f26-44ee-8f2f-62f7d1637262,"{""type"": ""Point"", ""coordinates"": [-74.00614989688621, 40.72907622664157]}"
875a3b2d-aa7c-4db5-9c09-f4fe62e44be2,"{""type"": ""Point"", ""coordinates"": [-74.02887225151063, 40.648227483605126]}"
17ccea1d-96e4-4ad4-a89a-01fa85428162,"{""type"": ""LineString"", ""coordinates"": [[-74.15760755538942, 40.61435965977058], [-74.15544033050539, 40.608479182296605]]}"
5cc65569-a347-4ce3-ae40-0024f10c90da,"{""type"": ""Point"", ""coordinates"": [-73.85752201080324, 40.75958618649847]}"
015e2f15-b938-4208-a3c2-afaa9cf8c189,"{""type"": ""LineString"", ""coordinates"": [[-73.77965211868288, 40.685389433327266], [-73.77499580383302, 40.68698400808039]]}"
277392aa-e5ab-4390-ad25-20db1af7fa31,"{""type"": ""LineString"", ""coordinates"": [[-73.89971929835157, 40.64532056770337], [-73.89907108386979, 40.64475069342575]]}"
c98dd7ab-58f4-4669-9897-a324b023e81e,"{""type"": ""Point"", ""coordinates"": [-73.8748598098755, 40.771039668589026]}"
4408a421-b3d2-4e2b-9d2c-a7ac35b2318d,"{""type"": ""Point"", ""coordinates"": [-73.86553645133974, 40.76676160346336]}"
2f2a7593-8afc-4601-8b3b-6597b7eb8fb0,"{""type"": ""Point"", ""coordinates"": [-73.85113835334779, 40.67104468116939]}"
e1bcb24f-ab6f-45e2-ae81-0170d9cd8d94,"{""type"": ""Point"", ""coordinates"": [-73.89548599720003, 40.66468497353673]}"
c759a565-cc84-4c2e-852d-d9c40cff3ab1,"{""type"": ""Point"", ""coordinates"": [-74.01385188102724, 40.70688450756684]}"
0b0e25ca-88bf-4a5c-a26a-b733882a5dc6,"{""type"": ""LineString"", ""coordinates"": [[-73.80769193172456, 40.67839237886016], [-73.80751490592958, 40.676476196885545]]}"
86e1e289-1dbd-4573-be4b-4d05e06a5d4b,"{""type"": ""LineString"", ""coordinates"": [[-73.89971929835157, 40.64532056770337], [-73.89907108386979, 40.64475069342575]]}"
48015606-c4c8-4c83-9661-66eb7cc25be3,"{""type"": ""LineString"", ""coordinates"": [[-73.95515441894533, 40.79951651608128], [-73.93515586853029, 40.82725456465587]]}"
d97e0f5e-9aa4-4747-beb6-6805c32cbbd1,"{""type"": ""Point"", ""coordinates"": [-73.74858140945436, 40.76871581553062]}"
6475d3c3-d3c7-4b4b-8d48-3c28bb690310,"{""type"": ""Point"", ""coordinates"": [-74.03767383657397, 40.634427879728946]}"
5522fe93-1e87-45ee-8be9-157e9bb29e75,"{""type"": ""Polygon"", ""coordinates"": [[[-73.99076644331218, 40.734723736055095], [-73.99145241826773, 40.731785403368626], [-73.99157450068742, 40.7315843757036], [-73.99563842453064, 40.72679703841331], [-74.00184317026289, 40.719455535777506]]]}"
6df2a69c-a0eb-456e-ba7b-f91754ee9a5a,"{""type"": ""Point"", ""coordinates"": [-74.20796334743501, 40.54172151146236]}"
c83c66cc-acaa-44d9-a6e4-adee3730662b,"{""type"": ""Point"", ""coordinates"": [-74.14427161216737, 40.63108198364487]}"
aa0f6f2c-21dc-4b37-bdc0-214b171e3e39,"{""type"": ""Point"", ""coordinates"": [-73.88974070549013, 40.736356252867054]}"
f80b5c01-e142-4583-a1ca-f156b65d706a,"{""type"": ""Point"", ""coordinates"": [-73.9785390906036, 40.57429620615715]}"
80bf0da8-71bd-4f9b-97d5-b95196281d00,"{""type"": ""Point"", ""coordinates"": [-74.01186168193819, 40.70137006575564]}"
f5e517be-bea4-443f-9d81-9cc526ae79f2,"{""type"": ""Point"", ""coordinates"": [-73.85539770126344, 40.758346865597936]}"
3ba6c26d-fed8-4606-bee9-c79c81f63b13,"{""type"": ""LineString"", ""coordinates"": [[-73.78077864646913, 40.736177404550915], [-73.77830028533937, 40.73680337155386]]}"
de3d682b-da3c-458d-8b87-5d99fbace83c,"{""type"": ""Point"", ""coordinates"": [-73.76236796379091, 40.691303812271705]}"
35c50083-2ba6-424a-9dc8-220711ddd4e5,"{""type"": ""Point"", ""coordinates"": [-73.91057589557023, 40.68299026944978]}"
9ffd032d-acee-4680-948f-ed8f8253c749,"{""type"": ""Point"", ""coordinates"": [-73.864738997072, 40.8226969748276]}"
5f494c37-40b5-4216-b3dd-18b12f6b982e,"{""type"": ""Point"", ""coordinates"": [-73.86097669601442, 40.83317662936848]}"
21117eb2-e9e9-4e34-9b52-fa7a52417c76,"{""type"": ""Point"", ""coordinates"": [-73.85242581367494, 40.82237932217807]}"
9c5e76e4-f9c5-4b5a-a307-656c9260e18d,"{""type"": ""Point"", ""coordinates"": [-73.93031179904939, 40.76596933895657]}"
1741961e-2633-40e4-8b47-3677ec22c286,"{""type"": ""Point"", ""coordinates"": [-73.98523807525636, 40.594622992254486]}"
af76f704-2e5f-4744-a9e3-71beeaf03bec,"{""type"": ""LineString"", ""coordinates"": [[-73.9938037097454, 40.601931693679965], [-73.99736652150752, 40.59855565775421]]}"
b4e6e9a8-0859-4a3f-84d9-89cd69c2fe86,"{""type"": ""Point"", ""coordinates"": [-73.8669274072163, 40.66823576110417]}"
16c5db98-748f-4a31-87ae-f73d5ce69f7c,"{""type"": ""LineString"", ""coordinates"": [[-73.90107035636903, 40.74585891047171], [-73.90662789344789, 40.745387467593716]]}"
0303f801-c005-46d6-b850-a735e773a357,"{""type"": ""Point"", ""coordinates"": [-73.93475890159608, 40.777555774094274]}"
38d778b7-8185-4f07-bfa2-50fd289234ef,"{""type"": ""LineString"", ""coordinates"": [[-73.85626673698427, 40.809213159320315], [-73.85680317878725, 40.811340708909874]]}"
035d64be-3e0e-40e5-886f-30d41c785731,"{""type"": ""Polygon"", ""coordinates"": [[[-74.01570130605252, 40.711813975070264], [-74.01625363156201, 40.710462353476196], [-74.01645224075766, 40.709884966626255], [-74.01672394014896, 40.70941380889353], [-74.01720304973425, 40.7087519395851], [-74.0177902020514, 40.70794309929152]]]}"
e4b63886-ca5a-4149-b6b2-6b0cf3c7a616,"{""type"": ""LineString"", ""coordinates"": [[-73.9200282096863, 40.6683348607101], [-73.90700340270998, 40.670271620493054]]}"
352991c9-fad5-44f1-9500-de3c2daf4a05,"{""type"": ""Point"", ""coordinates"": [-73.91019460279495, 40.67209030140609]}"
91d64be9-e7bb-43ef-92c2-f30b1987c76f,"{""type"": ""Point"", ""coordinates"": [-73.98046156391503, 40.68829469860198]}"
327ac051-e4e8-4ed0-bc8b-703969f08fdb,"{""type"": ""Point"", ""coordinates"": [-73.93775761127473, 40.73448645125444]}"
92d20a00-9cfb-4f5b-af2c-18f10452318a,"{""type"": ""Point"", ""coordinates"": [-73.85466277599336, 40.83195897591434]}"
d6e26017-fa8f-43ee-aa2b-180db78d266f,"{""type"": ""Point"", ""coordinates"": [-73.90194672625513, 40.869194797732725]}"
42b8c953-a034-4c25-b051-9f0d65b0042c,"{""type"": ""LineString"", ""coordinates"": [[-73.95035183988512, 40.706671904000515], [-73.93986591137947, 40.70767544278907]]}"
ca42ecb1-159d-429b-ab21-613303a2f6df,"{""type"": ""Point"", ""coordinates"": [-73.90948712825777, 40.8463461517002]}"
ccf92205-6be9-44c8-81a9-b16843a23e88,"{""type"": ""Point"", ""coordinates"": [-73.95956933498384, 40.808482305933566]}"
72d51c02-2cdb-4e94-b182-d44ecb82a839,"{""type"": ""Point"", ""coordinates"": [-73.85291397571565, 40.78437181392894]}"
82e8bb95-f95a-4319-99f0-bcb447d2614f,"{""type"": ""Point"", ""coordinates"": [-73.83288860321046, 40.77904658869192]}"
bfac0cd8-c2fe-448e-82bf-681478cbd8a4,"{""type"": ""Polygon"", ""coordinates"": [[[-73.76838684082033, 40.60911449427036], [-73.76870870590211, 40.60878869401267], [-73.76911640167238, 40.60816966914706], [-73.7694811820984, 40.607420315585365], [-73.76956701278688, 40.60678498750569], [-73.76950263977052, 40.60613336268842], [-73.76939535140993, 40.60549802237449], [-73.76909494400026, 40.6048138029743], [-73.76866579055788, 40.60344534316035]]]}"
c1a7812f-2687-437c-93a9-78c2b1c2152c,"{""type"": ""Point"", ""coordinates"": [-73.7690842151642, 40.718241354932935]}"
09054496-f035-4b55-a4b9-70271a5e86c2,"{""type"": ""Point"", ""coordinates"": [-73.91729772090913, 40.851361651431404]}"
4043846c-e189-456d-b462-c8a540b5b945,"{""type"": ""Point"", ""coordinates"": [-73.97046983242036, 40.744976984435176]}"
bd9a9d26-8cce-4daf-a6cb-c543916df8d9,"{""type"": ""Point"", ""coordinates"": [-73.97483041277157, 40.74062690748204]}"
159db6b8-f441-492e-810f-e0c85858c00d,"{""type"": ""Point"", ""coordinates"": [-73.74882817268373, 40.76817546742245]}"
5a91eae2-b113-4371-a6f8-3651b3e77d45,"{""type"": ""LineString"", ""coordinates"": [[-74.00965690612794, 40.7227827383694], [-74.00988757610322, 40.721477681390915]]}"
c8c21ffc-9da7-4910-8674-e15890d9ba8e,"{""type"": ""Point"", ""coordinates"": [-73.90412947861479, 40.679242276038146]}"
82095067-d7f5-4a6d-818a-9394e3a00d23,"{""type"": ""Point"", ""coordinates"": [-73.75351667404176, 40.59868402507957]}"
f1c76f4f-c7d2-4529-a6c6-c1ac0a82d63a,"{""type"": ""Point"", ""coordinates"": [-73.90536551596598, 40.83312800293334]}"
b8cfead1-fbbd-4f7c-a0e3-57159243d6a8,"{""type"": ""Point"", ""coordinates"": [-73.80129218101503, 40.85860829677559]}"
f144787a-e6cd-4e46-8de4-8c3863431a19,"{""type"": ""Point"", ""coordinates"": [-73.94841687753798, 40.63996508069083]}"
4702aefe-73f2-4af4-992f-ec85dbf8749d,"{""type"": ""Point"", ""coordinates"": [-73.92279624938966, 40.71649302267111]}"
8b09d5a0-d129-4e0c-8e93-c42cce0bad25,"{""type"": ""Point"", ""coordinates"": [-73.93242709804326, 40.84256113316983]}"
a7c7a844-1033-483c-90ee-d93687f57f33,"{""type"": ""Point"", ""coordinates"": [-73.82338285446168, 40.78361225413196]}"
e68f938f-56ed-4dec-8539-1caaea4e9914,"{""type"": ""Point"", ""coordinates"": [-73.9133888622746, 40.87765678783057]}"
92b8170a-6579-48c5-b740-5029af75922f,"{""type"": ""Point"", ""coordinates"": [-73.8316708803177, 40.847336296607644]}"
253d68f6-1ee9-499f-8c5e-5f3ad3566f58,"{""type"": ""Point"", ""coordinates"": [-73.92216324806215, 40.78025708928332]}"
c97b0873-54b0-4b9d-a3bc-b1a463d78897,"{""type"": ""Point"", ""coordinates"": [-73.90393495559694, 40.854802486687014]}"
0e7eedd2-d438-4694-a5f4-9d453f8213e3,"{""type"": ""LineString"", ""coordinates"": [[-73.75641345977785, 40.695037654649404], [-73.7546753883362, 40.69550131981608]]}"
6582c0de-dbaf-4d95-99b9-dae8a417bbff,"{""type"": ""LineString"", ""coordinates"": [[-74.18869972229005, 40.611541656194184], [-74.18990135192873, 40.60017070058656]]}"
e949271d-71c1-4b11-a968-019b850bfe02,"{""type"": ""Point"", ""coordinates"": [-73.88774895574899, 40.83743652815117]}"
16859813-4ea2-4d32-a58e-db86d17e28b7,"{""type"": ""Point"", ""coordinates"": [-74.00397062301637, 40.729864563969706]}"
2a55b02a-75e2-43ad-9ad7-07da9255b3e5,"{""type"": ""Point"", ""coordinates"": [-73.91850316431375, 40.87258076934702]}"
02d9281b-ab71-456c-b31d-b690585aeb32,"{""type"": ""Point"", ""coordinates"": [-73.93048882484437, 40.803674714153814]}"
eb960c09-f0e8-4c8b-9aca-8ed4d67660b0,"{""type"": ""Point"", ""coordinates"": [-74.00121331214906, 40.733836073158066]}"
a0022bcd-df49-48c2-b4e7-f7cdbc516240,"{""type"": ""LineString"", ""coordinates"": [[-73.98321405518801, 40.69366203529392], [-73.98243491537869, 40.6920537815254]]}"
49663633-8dbd-46c1-b0fb-ebcce1dbaa16,"{""type"": ""LineString"", ""coordinates"": [[-74.00614321231843, 40.7290921856226], [-74.00550620863214, 40.722492764974895]]}"
4690d215-fe02-48bc-85d7-692667edae9a,"{""type"": ""Point"", ""coordinates"": [-73.77600431442262, 40.79201160873033]}"
de6adbae-49bf-4ec8-a2eb-074279d0c44a,"{""type"": ""Point"", ""coordinates"": [-73.98980319499971, 40.75720910803557]}"
0c6e997e-129b-410a-847f-59c0a9bc89e2,"{""type"": ""Point"", ""coordinates"": [-73.95009166561067, 40.76128535820941]}"
1e2d08c9-3abd-4911-906f-1720c53a54af,"{""type"": ""Point"", ""coordinates"": [-73.75135481357576, 40.77037339735111]}"
bcbb19a3-a580-4b4e-83a6-27c1f9dcc509,"{""type"": ""Point"", ""coordinates"": [-73.9849215745926, 40.773741248737764]}"
ea75ff2c-92c3-4abf-9abf-be789a25cbf6,"{""type"": ""LineString"", ""coordinates"": [[-73.90370302833618, 40.63816552763523], [-73.90576994279401, 40.63668944512514]]}"
b74d0e6d-21fe-429c-8e20-db76df5b4495,"{""type"": ""Point"", ""coordinates"": [-73.7335127592087, 40.74375771258967]}"
f0fb9e5b-8589-426c-aba0-81fdff39591e,"{""type"": ""LineString"", ""coordinates"": [[-73.85529041290285, 40.7026999176141], [-73.84514093399049, 40.68231407427667]]}"
cb1fae6a-8cba-4902-bcdd-ecc3a6aff4bf,"{""type"": ""Point"", ""coordinates"": [-74.03013582341374, 40.61332503333324]}"
3024712e-a3e0-4f1c-8555-7d967a2b7f0a,"{""type"": ""Point"", ""coordinates"": [-73.7284541130066, 40.756554888619675]}"
4674a903-d606-4aa7-bfbc-9837b0850448,"{""type"": ""Point"", ""coordinates"": [-73.86290788650514, 40.703513269579396]}"
0215c931-8310-45dc-a599-b24adba899ad,"{""type"": ""LineString"", ""coordinates"": [[-73.78078937530519, 40.696908564509855], [-73.7766480445862, 40.6986492769344]]}"
92369a7c-7e92-43d6-b9a1-df7056927e68,"{""type"": ""Point"", ""coordinates"": [-74.07360076904298, 40.58408841139376]}"
44e65de0-600d-4693-8ddc-490f28340fed,"{""type"": ""Point"", ""coordinates"": [-73.92625051550569, 40.8556308262503]}"
9c111fcb-e889-4f93-abdb-9beccfc215fb,"{""type"": ""LineString"", ""coordinates"": [[-73.75845193862916, 40.76199974842556], [-73.74426841735841, 40.765363961249776]]}"
e149578d-3f00-4919-81ed-3a107d00dff9,"{""type"": ""Point"", ""coordinates"": [-74.10211265087129, 40.644315994469075]}"
7989394c-d6e1-42a2-8b44-ccb0cc53faf7,"{""type"": ""Point"", ""coordinates"": [-73.78430843353273, 40.69744542459439]}"
f5dfcf93-a6df-4d9e-9629-e416845e924f,"{""type"": ""Point"", ""coordinates"": [-74.18136119842531, 40.64354262400074]}"
d8cfe204-faae-4ca7-8210-d4c29d4fdc4e,"{""type"": ""Point"", ""coordinates"": [-73.95417151506992, 40.58708713971727]}"
1d305734-0a0f-4f1c-91bd-e8f0985a2a34,"{""type"": ""LineString"", ""coordinates"": [[-74.01144394883887, 40.722976900252746], [-74.00968039641158, 40.722801366881555]]}"
6ca998ae-3a80-4127-8e65-fbb9e0e5afe1,"{""type"": ""Point"", ""coordinates"": [-73.99063679622488, 40.6984693423005]}"
1b91153f-926a-4e35-ac14-2c6bdb73731f,"{""type"": ""Point"", ""coordinates"": [-73.94494593143465, 40.76643657301343]}"
45d79cb8-c30d-421c-867f-92fd902010e2,"{""type"": ""Point"", ""coordinates"": [-73.99799466133119, 40.71155271940057]}"
920a79a9-4ae5-4237-9472-45b355964e62,"{""type"": ""LineString"", ""coordinates"": [[-73.93534915521742, 40.69700731963705], [-73.91105722635986, 40.69957833307092]]}"
2774db31-38d8-48b2-8203-d4395b7c411a,"{""type"": ""Point"", ""coordinates"": [-73.87488126754762, 40.70683570919921]}"
adea68f9-b2d0-46b1-a3b2-c40466b4d1b3,"{""type"": ""Point"", ""coordinates"": [-74.00423553306611, 40.65451075204232]}"
c037514b-ef84-45f2-a66d-9665f7269d37,"{""type"": ""Point"", ""coordinates"": [-73.95500421524049, 40.81725201529448]}"
2a123ca0-3926-421d-bdd0-fd4cb45bca80,"{""type"": ""LineString"", ""coordinates"": [[-73.93824286060408, 40.62187988901131], [-73.93782674102114, 40.6196478042178]]}"
5ef66655-381f-471f-a262-b9d88ed22899,"{""type"": ""LineString"", ""coordinates"": [[-73.88404905796052, 40.722766476134616], [-73.88294935226442, 40.72138010600931]]}"
2fb0d997-f2b0-401d-904d-0d6ac70f36bc,"{""type"": ""Point"", ""coordinates"": [-73.99855256080629, 40.73029546588842]}"
ec70017c-0799-4524-b019-51fef4862840,"{""type"": ""LineString"", ""coordinates"": [[-73.85998964309694, 40.66984846769583], [-73.85104179382326, 40.67106909346583]]}"
77de65ec-d5e9-4102-bedd-f06ff51cd504,"{""type"": ""Point"", ""coordinates"": [-73.90236676437782, 40.88353299954122]}"
846316b8-1fcc-4a71-b43e-971ab1db9a67,"{""type"": ""LineString"", ""coordinates"": [[-73.79334211349489, 40.73264098683176], [-73.79297733306886, 40.73890072455579]]}"
f6eb9604-cda0-40d3-bcfe-e869623a041f,"{""type"": ""Point"", ""coordinates"": [-73.92089211149143, 40.86263062132685]}"
2d809b14-4a86-4e59-88d3-33e8bbfc4237,"{""type"": ""LineString"", ""coordinates"": [[-73.9220846258104, 40.628524295604905], [-73.92159868497403, 40.62392056653253]]}"
a45e9e23-06c9-45c2-9d99-87451bccacda,"{""type"": ""Point"", ""coordinates"": [-73.88470427133143, 40.87975679166673]}"
a49cddfc-bce9-4c74-aa13-de64b648c9ed,"{""type"": ""LineString"", ""coordinates"": [[-74.00385260581972, 40.73941285884857], [-74.00965690612794, 40.739364084323874]]}"
4cd01e2f-daea-4b2d-bdd1-71fede21328d,"{""type"": ""Polygon"", ""coordinates"": [[[-73.76389145851137, 40.59603236559728], [-73.76208901405336, 40.59621973669443], [-73.76129508018495, 40.5962767625763], [-73.76065135002138, 40.59626861602474], [-73.7600076198578, 40.596130124496106], [-73.7596106529236, 40.5960568053354]]]}"
0f2464b0-be52-456a-8c0a-4c4325e854e2,"{""type"": ""Point"", ""coordinates"": [-73.99018436204643, 40.6925006258512]}"
1825defc-dee9-42b4-9633-97e3517027bf,"{""type"": ""Point"", ""coordinates"": [-73.88581168837845, 40.86717549832656]}"
c29bd16d-38e4-4ac9-9dba-fb9d32fe8f21,"{""type"": ""Point"", ""coordinates"": [-74.03640883974732, 40.61210408290189]}"
593f2d3f-6c0e-4087-a819-6bed07132f48,"{""type"": ""Point"", ""coordinates"": [-74.19299125671388, 40.527623154089035]}"
4dac79a2-ec7a-48e6-8294-6a4ca40732c1,"{""type"": ""Point"", ""coordinates"": [-73.87403905391695, 40.67269249111924]}"
c3d5d4fc-eca0-4d75-8a83-d2826c38f1a0,"{""type"": ""Point"", ""coordinates"": [-73.99154126644136, 40.670922619553195]}"
d1f48230-33b9-4223-9e8b-55321f7ec2c5,"{""type"": ""Point"", ""coordinates"": [-73.93350362777711, 40.80591613473841]}"
8bad6aa7-d007-46fc-9383-7f7a653b64dd,"{""type"": ""Point"", ""coordinates"": [-73.9086972596124, 40.81350392156609]}"
a4948693-9ba8-42b1-8d01-06e283266872,"{""type"": ""Point"", ""coordinates"": [-73.93582107732074, 40.82722914726949]}"
10dbf9ac-9a37-4130-bf0d-cc9602431afd,"{""type"": ""Point"", ""coordinates"": [-73.90554011100905, 40.812775462659935]}"
c9d86b74-96c2-4c6c-991b-f1c5295d295a,"{""type"": ""Point"", ""coordinates"": [-73.79448473453523, 40.737441526656085]}"
94a872da-ee15-4286-87a0-1ba6a493fc3c,"{""type"": ""LineString"", ""coordinates"": [[-73.79104614257814, 40.7393884715907], [-73.78733396530153, 40.73160034996208]]}"
276728c0-5ee9-48cc-b484-205db6bf9da3,"{""type"": ""Point"", ""coordinates"": [-73.8078421354294, 40.66746818317838]}"
768dc484-2cec-4971-bed4-378ce302111c,"{""type"": ""LineString"", ""coordinates"": [[-73.76272201538087, 40.73535632201996], [-73.74328136444093, 40.73893324113603]]}"
7516b645-dda0-48bd-ac35-ec0f4e7c1c52,"{""type"": ""Point"", ""coordinates"": [-73.9192133001052, 40.70429700105323]}"
992ddeda-0da1-49e3-84e2-a034d572ea21,"{""type"": ""LineString"", ""coordinates"": [[-73.92264604568483, 40.82049164246351], [-73.92567157745363, 40.82114929181685]]}"
63dff732-af6e-4ba6-ae3b-35672dbeaf8a,"{""type"": ""LineString"", ""coordinates"": [[-73.80419969558717, 40.701479871043176], [-73.80241870880128, 40.697868402219896]]}"
b3ad5ad3-1816-4b71-a308-a89e8b1074c1,"{""type"": ""LineString"", ""coordinates"": [[-73.9505137782544, 40.70740610142683], [-73.93995199352503, 40.70837264998885]]}"
6953c53c-385a-42ad-989d-ff4c0cb71345,"{""type"": ""Point"", ""coordinates"": [-74.18861389160158, 40.639227866411176]}"
65bc8a3e-8d54-47f5-a0c6-b5de7d403966,"{""type"": ""Point"", ""coordinates"": [-73.90504002571107, 40.69612766939108]}"
90e7da58-3629-4ad4-92c1-9d6f51c76d97,"{""type"": ""Point"", ""coordinates"": [-73.92236173152925, 40.775016843891606]}"
ed0cd2f3-f473-495a-8879-37691018b479,"{""type"": ""Point"", ""coordinates"": [-74.0167808532715, 40.70343600156968]}"
17af8b83-aca9-4619-bbc6-2cf1934aa527,"{""type"": ""Point"", ""coordinates"": [-73.99347245693208, 40.752194615904116]}"
084d1257-d3a7-434d-9b20-efb97eab341d,"{""type"": ""Point"", ""coordinates"": [-73.87403368949892, 40.672664010799295]}"
af2fa839-50d3-48b8-b4a9-5521c673d801,"{""type"": ""Point"", ""coordinates"": [-74.07688379287721, 40.64677036876414]}"
67079877-076f-4096-8f87-c2c1a1ec37c8,"{""type"": ""Point"", ""coordinates"": [-73.92891239840539, 40.86730165286133]}"
dc8b4b3c-5a23-4e51-b570-a1917a6293a1,"{""type"": ""Point"", ""coordinates"": [-74.14476513862611, 40.63112676632681]}"
3eeac135-08a9-4121-b610-b27f434c2d84,"{""type"": ""Point"", ""coordinates"": [-73.97939442191274, 40.719817022280196]}"
f80c19dd-08a6-4626-87ce-aae24a5b6a27,"{""type"": ""LineString"", ""coordinates"": [[-73.93898878712209, 40.641541772530985], [-73.93873783294113, 40.639219979511644]]}"
fa5cec86-1173-4763-a19e-5b23c6336ad4,"{""type"": ""Point"", ""coordinates"": [-73.84820391191171, 40.80548683318364]}"
351cedcb-9c88-41f5-80dd-7f301e54a9ed,"{""type"": ""Point"", ""coordinates"": [-73.9583918452263, 40.81470532523656]}"
1ecc5709-9514-4aa2-9013-7e5f3b8f62f2,"{""type"": ""Point"", ""coordinates"": [-73.93582107732074, 40.82722914726949]}"
854a2baf-18af-47e6-bf9c-ed26769582a7,"{""type"": ""Point"", ""coordinates"": [-73.72862040996553, 40.72624650382795]}"
177cb161-8c53-4b51-b814-5096454f70f6,"{""type"": ""Point"", ""coordinates"": [-73.80422115325929, 40.716720715054514]}"
694e7ce9-034d-4774-9ef1-e13788e65e92,"{""type"": ""Point"", ""coordinates"": [-74.10195708274843, 40.64242732659856]}"
a4d81fc9-2328-43c5-a45a-de0b0dae40db,"{""type"": ""Point"", ""coordinates"": [-73.922136425972, 40.70614439514955]}"
6e1cdcd4-bdcc-43d4-beec-b0931f3bfc9b,"{""type"": ""Polygon"", ""coordinates"": [[[-73.90131020452829, 40.88090545657757], [-73.89874615939335, 40.883958231253146], [-73.89848223421724, 40.88377242936438], [-73.89884544303642, 40.88339589694188], [-73.90075968112797, 40.88059861871518], [-73.90131020452829, 40.88090545657757]]]}"
86d50328-1f5f-4d8e-b1a6-9460db7793b1,"{""type"": ""Point"", ""coordinates"": [-73.91659498214723, 40.86762695011833]}"
90088c73-1bab-43a2-8a6e-1186f11fe85d,"{""type"": ""Point"", ""coordinates"": [-73.8379740715027, 40.853585230490275]}"
81b1ce2a-1a80-4093-9033-d4ce5da6a00f,"{""type"": ""LineString"", ""coordinates"": [[-73.90118837356569, 40.71463892713223], [-73.89453649520875, 40.70084543799459]]}"
6bb374cb-498d-4605-a991-e0192b16860a,"{""type"": ""Point"", ""coordinates"": [-73.9926999807358, 40.71437869906487]}"
54877267-790c-4399-b90c-e2d8f8552d56,"{""type"": ""Point"", ""coordinates"": [-73.86018276214601, 40.74144103450244]}"
9f40a664-0fbb-4029-adaa-8163efa2fc9c,"{""type"": ""LineString"", ""coordinates"": [[-74.14766728878023, 40.53557372037108], [-74.1469591856003, 40.535944723759506]]}"
75a1f328-07fe-453d-9e81-d4dc0558c998,"{""type"": ""Point"", ""coordinates"": [-74.10209119319917, 40.64436076827441]}"
bf3fa3d1-bd98-4836-b749-a782c055b8c1,"{""type"": ""Point"", ""coordinates"": [-73.97613478358836, 40.712778791889036]}"
9f892109-a19a-4437-a237-4243ffd371fb,"{""type"": ""Point"", ""coordinates"": [-73.93242709804326, 40.84256113316983]}"
993f97df-be56-471d-9a29-db7acad983d4,"{""type"": ""LineString"", ""coordinates"": [[-74.02365317568184, 40.63928014889909], [-73.99479847401382, 40.6666952081955]]}"
1ce32d1a-c5ed-48f0-8606-15a615325820,"{""type"": ""LineString"", ""coordinates"": [[-73.82930517196657, 40.665421477447644], [-73.83239507675172, 40.66650383860179]]}"
157962ff-082f-4b28-8b5e-d6d5ad26cfae,"{""type"": ""Point"", ""coordinates"": [-73.85915279388429, 40.740339568022435]}"
4c42e7ec-a09b-4487-8a97-ead9bccdc0fb,"{""type"": ""LineString"", ""coordinates"": [[-73.90811920166017, 40.746188105672175], [-73.9064133167267, 40.745639446099425]]}"
e8702474-ee84-4ded-b888-c53c4b3868bc,"{""type"": ""Point"", ""coordinates"": [-73.88255238533021, 40.81037438759006]}"
1f83e784-7702-418b-bc38-a0e8479595fa,"{""type"": ""LineString"", ""coordinates"": [[-74.00918483734132, 40.65261084676396], [-74.00510787963869, 40.65016889724004]]}"
a46bed88-1765-4d70-a4da-97f51189b26e,"{""type"": ""Point"", ""coordinates"": [-73.91517877578737, 40.859160080515906]}"
3fe1a165-43bd-447c-bf72-cd05e7359dbd,"{""type"": ""Point"", ""coordinates"": [-73.92697513103487, 40.852599236576225]}"
6f254577-135c-44dc-957d-ccee04ed1d8a,"{""type"": ""LineString"", ""coordinates"": [[-73.99358209222555, 40.73617181553329], [-73.97406097501516, 40.76316764323404]]}"
e4092976-dcff-4d89-a20f-299b62c4d7a5,"{""type"": ""Point"", ""coordinates"": [-73.87782096862794, 40.73977460212369]}"
bc1c8144-df80-4df2-a7b1-7b11c9012a21,"{""type"": ""Point"", ""coordinates"": [-73.98627877235414, 40.605709803150205]}"
8c6194e7-9c93-4b64-bf9b-96ea9a716913,"{""type"": ""Point"", ""coordinates"": [-73.88607144355775, 40.66516105710476]}"
40092cc3-ebb1-49bc-9422-27fb277470dd,"{""type"": ""Point"", ""coordinates"": [-73.94901216030122, 40.658129323477596]}"
0b4aaaea-7bf2-4374-94b7-47445f334336,"{""type"": ""Point"", ""coordinates"": [-73.94712924957277, 40.57735779500893]}"
70fddc5d-46bd-43a8-bca1-c32b723a37af,"{""type"": ""Point"", ""coordinates"": [-74.19577002525331, 40.53984625037161]}"
917cadeb-efbf-4988-9a4f-886d5b127387,"{""type"": ""Point"", ""coordinates"": [-74.00935649871828, 40.74344882684023]}"
437fe27e-0bcf-4cc1-805b-b8665b8bf8dd,"{""type"": ""Point"", ""coordinates"": [-73.75273346900941, 40.60391371797655]}"
84b864f1-311b-481d-b187-4571822df9c8,"{""type"": ""Polygon"", ""coordinates"": [[[-73.9951515197754, 40.6632892559703], [-73.98184776306154, 40.65521549442094], [-73.98030281066896, 40.64727100119374], [-73.98030281066896, 40.64727100119374], [-73.98030281066896, 40.64727100119374]]]}"
3b9ac8fd-eac5-4479-8257-acb6a152ae80,"{""type"": ""Point"", ""coordinates"": [-74.07743096351625, 40.64456835552486]}"
cd634436-d03f-404c-8363-f9a995a9faee,"{""type"": ""Point"", ""coordinates"": [-74.14476513862611, 40.63112676632681]}"
b0cb8d3b-70ef-4405-bc5c-0125e4481f23,"{""type"": ""Point"", ""coordinates"": [-73.9575622882694, 40.71764829617091]}"
a5e2d5e1-feb8-40c2-a552-01ac0232841f,"{""type"": ""Point"", ""coordinates"": [-74.13765192031862, 40.6029158720246]}"
9c566150-d391-4b69-b4f3-22d238dfc2ae,"{""type"": ""LineString"", ""coordinates"": [[-73.92412662506105, 40.707417220754465], [-73.90039443969728, 40.693036536388746]]}"
7388fb54-0860-4339-bca3-951257dbd200,"{""type"": ""Point"", ""coordinates"": [-73.85713040828706, 40.82850883635335]}"
dca56cf1-57c6-4f17-b16c-4cfe0bb280b1,"{""type"": ""LineString"", ""coordinates"": [[-73.77655148506166, 40.663036965713175], [-73.77006053924562, 40.66583652026741]]}"
bc3789f7-fe45-4c8f-8882-5b2673c54bb6,"{""type"": ""Point"", ""coordinates"": [-73.86063337326051, 40.816841976014636]}"
fcea5152-39f0-4f99-b158-0abc479f449f,"{""type"": ""Point"", ""coordinates"": [-73.98205161094667, 40.71243508851967]}"
615cb1d9-164b-4aba-bdbb-064da9d73a24,"{""type"": ""LineString"", ""coordinates"": [[-73.83038878440858, 40.65583408329723], [-73.83109688758852, 40.658707190653836]]}"
1b8bc27b-721c-4465-b533-aa2c9f3a73be,"{""type"": ""LineString"", ""coordinates"": [[-74.01053061475979, 40.655303405864466], [-74.0142571879551, 40.65753064258967]]}"
99193c63-eeeb-4ea0-9026-a7d47ea43f44,"{""type"": ""Point"", ""coordinates"": [-73.97465944290163, 40.73705944726655]}"
7b07d63e-62a4-4116-b7fb-9e2450918f77,"{""type"": ""Point"", ""coordinates"": [-73.8859534263611, 40.65327829741545]}"
b7756452-ef7b-466d-bd79-3002af092ae5,"{""type"": ""Point"", ""coordinates"": [-73.90309810638429, 40.675223122413044]}"
25f3c01d-2428-4f20-a555-51e311437706,"{""type"": ""Point"", ""coordinates"": [-73.73157620429994, 40.73243773872212]}"
52130da3-4d9d-45fb-b4a4-035837016091,"{""type"": ""Point"", ""coordinates"": [-73.88086795806886, 40.86832064181537]}"
f23e3a73-f9ce-4bf0-b195-0ca762205be0,"{""type"": ""LineString"", ""coordinates"": [[-73.90997529029848, 40.70061769132372], [-73.90329122543336, 40.7071732305104]]}"
463f2620-d825-47ee-98c0-76691d0c765c,"{""type"": ""Point"", ""coordinates"": [-74.01376753812657, 40.71715857916862]}"
6735fcd2-208f-4027-9a9f-c9a339dac868,"{""type"": ""Point"", ""coordinates"": [-74.01786446571352, 40.641596947087095]}"
f8c2c0dc-3729-4529-b223-d5c562307bd3,"{""type"": ""Point"", ""coordinates"": [-73.9866046817042, 40.701309428122734]}"
df13eb8e-45eb-4ac2-a08d-8440fc3f6764,"{""type"": ""Point"", ""coordinates"": [-73.89482592232527, 40.89111857332884]}"
715fb35a-6426-4b26-8c18-d7596ebba3e2,"{""type"": ""Polygon"", ""coordinates"": [[[-73.79128217697145, 40.59191006860644], [-73.79061698913576, 40.59182859772545], [-73.78980159759523, 40.592089304195234], [-73.78902912139894, 40.59223595113783], [-73.78630399703981, 40.59210559831584], [-73.78465175628664, 40.5920241276731], [-73.78100395202638, 40.592252245222696], [-73.77600431442262, 40.59280624174605], [-73.77372980117799, 40.593050650517775], [-73.77254962921144, 40.5931484137763], [-73.77132654190065, 40.59344170269426], [-73.76954555511476, 40.594419323129635], [-73.76866579055788, 40.59492442142069], [-73.76825809478761, 40.59518511581991], [-73.76761436462404, 40.595364342629736], [-73.76617670059206, 40.5955109823895], [-73.76493215560915, 40.5956902083258], [-73.76405239105226, 40.59577167450165], [-73.76375198364259, 40.59583684737085]]]}"
2fa82b9e-72de-405b-972f-7c92760bfd02,"{""type"": ""LineString"", ""coordinates"": [[-73.91888906713577, 40.64054417052844], [-73.91495028510691, 40.63702309188984]]}"
a42b21ea-7f91-40e0-9f28-dbc860a17a91,"{""type"": ""Point"", ""coordinates"": [-73.94520738394932, 40.78125617042375]}"
45a9882b-8e83-4789-bc4e-b7c61f294af5,"{""type"": ""LineString"", ""coordinates"": [[-73.92086505889894, 40.75671742820607], [-73.91501784324647, 40.763893154854266]]}"
56468b44-fcb8-432b-b401-34d2d2077be1,"{""type"": ""Polygon"", ""coordinates"": [[[-73.75338792800905, 40.69408591077657], [-73.7515425682068, 40.690238123887404], [-73.75130653381349, 40.69005915164754]]]}"
f97d178f-dc2d-47d0-b4b3-24107814b1c3,"{""type"": ""Point"", ""coordinates"": [-73.94520738394932, 40.78125617042375]}"
b4fabb18-1f1b-4a96-8866-f9f90901aba4,"{""type"": ""Point"", ""coordinates"": [-73.90153747983278, 40.84933297937607]}"
0b0b396c-6ee8-4ab4-9d7e-1e67cc2c5ada,"{""type"": ""LineString"", ""coordinates"": [[-73.88088405132295, 40.70630299135996], [-73.87810528278352, 40.706514452386344]]}"
f9d53638-dfea-4761-a73d-984cc9458acd,"{""type"": ""LineString"", ""coordinates"": [[-73.87196302413942, 40.8269541853885], [-73.87275695800783, 40.83003909687713]]}"
c099141d-c7a6-436a-abf6-34dc276845a1,"{""type"": ""Point"", ""coordinates"": [-73.97755622863771, 40.72874257984448]}"
3aa0548c-31d3-4e3f-aad4-8d0a97ed8382,"{""type"": ""Point"", ""coordinates"": [-73.87014850974083, 40.85445893107061]}"
86942014-7aae-4fdf-8ba8-2a5970bbf419,"{""type"": ""LineString"", ""coordinates"": [[-73.91854763031007, 40.661140689045865], [-73.90146732330324, 40.66371245038772]]}"
834e0a3f-d686-4769-9222-86289b5d6f5a,"{""type"": ""LineString"", ""coordinates"": [[-73.76930952072145, 40.76027694549663], [-73.77379417419435, 40.768988019304366]]}"
3ec741d0-28cf-4fc7-a6bc-b9835a6065a4,"{""type"": ""Point"", ""coordinates"": [-73.90676736831666, 40.66722811557896]}"
62b6853c-7854-4fea-9019-8194d2b5e30d,"{""type"": ""Polygon"", ""coordinates"": [[[-73.75270128250123, 40.72927511814658], [-73.74937534332277, 40.731372708477274], [-73.74671459198, 40.73327511694341], [-73.74682188034059, 40.73262472700585], [-73.74916076660158, 40.730673519047365], [-73.74995470046998, 40.729844238338586], [-73.75104904174806, 40.729177554196376], [-73.7515425682068, 40.72875477542582], [-73.7519931793213, 40.728510863374794], [-73.75257253646852, 40.72891738296314], [-73.75270128250123, 40.72927511814658]]]}"
ffce7d52-5219-4469-8500-7ae31b933df7,"{""type"": ""Point"", ""coordinates"": [-74.07259225845338, 40.644210165355254]}"
8ecc2cb6-fcb3-4237-a35f-36d4730d1b90,"{""type"": ""Point"", ""coordinates"": [-73.89076530933382, 40.82082452751902]}"
30c9cffa-2e36-4bef-8726-321ae346037f,"{""type"": ""Polygon"", ""coordinates"": [[[-73.91094088554384, 40.69963349139983], [-73.90699267387392, 40.70348886916495], [-73.90185356140138, 40.704749545544296], [-73.89670372009279, 40.706115929123094], [-73.89670372009279, 40.706115929123094], [-73.89011621475221, 40.70840943853748], [-73.88878583908082, 40.71226430831242]]]}"
504c1eb0-31ef-4ebf-a9eb-c3181eccdb2f,"{""type"": ""LineString"", ""coordinates"": [[-73.75051259994508, 40.70561167178041], [-73.76546859741212, 40.701772684258295]]}"
6ca36053-bf97-49b4-8049-3683fbaeffb2,"{""type"": ""Point"", ""coordinates"": [-73.8872516155243, 40.680674638387075]}"
f88848b0-3752-48b2-8846-4e57f7d9b1c7,"{""type"": ""Point"", ""coordinates"": [-73.97812485694887, 40.739998150355156]}"
e0c5fbf5-01c2-425a-91bf-2926d35653b8,"{""type"": ""Point"", ""coordinates"": [-73.99401426315309, 40.701187056540846]}"
6b77e082-c878-45d6-9dd9-91a0697cb57b,"{""type"": ""Point"", ""coordinates"": [-73.90479229856282, 40.67129754508273]}"
a25139b7-b927-4715-a0a6-22736da87402,"{""type"": ""Point"", ""coordinates"": [-73.89081358909608, 40.837263722613855]}"
90bcba21-9451-4bb5-9650-28f901fb6ade,"{""type"": ""LineString"", ""coordinates"": [[-73.97068977355958, 40.80581868324361], [-73.96163463592531, 40.817917816250976]]}"
700433c7-d812-4f87-a613-15608533e774,"{""type"": ""LineString"", ""coordinates"": [[-73.93824286060408, 40.62187988901131], [-73.93782674102114, 40.6196478042178]]}"
dc28ff15-3cc9-4d06-ac55-eb84aec1b991,"{""type"": ""LineString"", ""coordinates"": [[-74.1216015815735, 40.57504347990027], [-74.11379098892213, 40.58016094271688]]}"
616eb104-cf7d-41c2-a3c5-cdc4bb58d6ff,"{""type"": ""Point"", ""coordinates"": [-73.90729844570161, 40.85636865675891]}"
e01b095c-3bf0-47b5-a6a7-ee2be9899aae,"{""type"": ""Point"", ""coordinates"": [-73.76430988311769, 40.75517328609026]}"
505939a4-2bda-44cb-a3cd-4193d69c4610,"{""type"": ""Point"", ""coordinates"": [-73.98205161094667, 40.71242695613879]}"
88e6ea24-b8d4-43e4-a5c5-09360ea79884,"{""type"": ""Point"", ""coordinates"": [-73.89932692050935, 40.65896763619541]}"
70512f20-3eba-4148-8d4f-52979aafbaa0,"{""type"": ""Point"", ""coordinates"": [-74.00281190872194, 40.73340112925858]}"
2104a9ce-9b21-4ffe-83c8-124264802418,"{""type"": ""Point"", ""coordinates"": [-73.8214033842087, 40.712178918044536]}"
a53ac9b8-c700-4503-ba4f-7bdf36b4b5fe,"{""type"": ""Point"", ""coordinates"": [-73.89835057547317, 40.88993227289362]}"
15b1ee66-6623-45dc-9e6f-6310ae180499,"{""type"": ""Point"", ""coordinates"": [-73.9534378051758, 40.75067068801597]}"
33ddffac-7d69-404b-85ae-2c2c2c1f2a24,"{""type"": ""Point"", ""coordinates"": [-73.9789393474348, 40.792031947089285]}"
cab25e1b-3dce-41b2-a0af-abce1fe4c512,"{""type"": ""LineString"", ""coordinates"": [[-73.99526953697206, 40.727226245152764], [-73.99207234382631, 40.725640764424156]]}"
a4de9c52-b1b4-4491-9363-96dc7b7eae25,"{""type"": ""Point"", ""coordinates"": [-73.96489620208742, 40.79565045764149]}"
f0d2cb5d-2991-4fbe-8a04-2794172c7f31,"{""type"": ""LineString"", ""coordinates"": [[-73.85486125946046, 40.74953279908402], [-73.85018348693849, 40.740721628572345]]}"
66070dd7-e190-4865-91a3-83ab8bc4edd0,"{""type"": ""Point"", ""coordinates"": [-74.23239827156068, 40.52863435538762]}"
89134064-e444-4e96-b521-ecae7339504a,"{""type"": ""Point"", ""coordinates"": [-73.93738746643068, 40.7726078172087]}"
aef3e636-f2fa-467c-84d8-8fe73e97dd6a,"{""type"": ""Point"", ""coordinates"": [-73.91598343849184, 40.66149878833944]}"
d662c585-8d79-4c07-b2a1-f705318759f1,"{""type"": ""Point"", ""coordinates"": [-73.98205161094667, 40.71240255899016]}"
2c7f2d96-60e2-4b80-80f8-c6a75f9ebe36,"{""type"": ""LineString"", ""coordinates"": [[-74.00298357009889, 40.70609966281679], [-74.00134205818178, 40.70705936809059]]}"
fdbe53b0-a087-4f7a-b587-8b15e2a58a5a,"{""type"": ""LineString"", ""coordinates"": [[-74.00281190872194, 40.72838077658201], [-73.99684667587282, 40.73737242735457]]}"
c4492a95-4a3b-4164-a945-9455b66de653,"{""type"": ""Point"", ""coordinates"": [-73.76387536525728, 40.69123873255367]}"
de550d3e-45d7-4a34-9391-f837a00ac616,"{""type"": ""LineString"", ""coordinates"": [[-73.91542553901674, 40.7501261293138], [-73.91163825988771, 40.749987956993444]]}"
1f48d730-beec-4434-8eae-16a64d539e80,"{""type"": ""LineString"", ""coordinates"": [[-73.9123034477234, 40.8537718778922], [-73.91686320304872, 40.854834946546106]]}"
513adb0b-dda3-4178-87de-f049fad6d2f0,"{""type"": ""Point"", ""coordinates"": [-73.91340315341951, 40.651398023004006]}"
9e161cdb-72af-4b69-929f-4618c6da3d74,"{""type"": ""Point"", ""coordinates"": [-73.95737943705173, 40.604186913891176]}"
d9a17952-3654-468f-b03f-3287edfbbd9a,"{""type"": ""Point"", ""coordinates"": [-73.88367354869844, 40.85031070032255]}"
22de5d91-5d9f-48e1-98f3-d7e83b9688b3,"{""type"": ""Point"", ""coordinates"": [-73.89417171478273, 40.81537230945774]}"
dd82690a-8248-4fa3-9b6b-ae835e2619cf,"{""type"": ""LineString"", ""coordinates"": [[-73.8998579978943, 40.73846174916661], [-73.89228343963624, 40.73829916495403]]}"
a1748b22-9a25-4f0a-9b4c-2c4c0495c0b8,"{""type"": ""Point"", ""coordinates"": [-73.81640911102296, 40.72986862909519]}"
991079c5-556f-4bc3-a248-571b400d3296,"{""type"": ""Point"", ""coordinates"": [-73.90176236629488, 40.87556543188935]}"
e35f3934-397d-4f77-a9d4-35ee9c56dede,"{""type"": ""LineString"", ""coordinates"": [[-73.91756057739259, 40.770572466896425], [-73.92252802848817, 40.77428561399657]]}"
4f19bbb0-eb7d-47a7-8a65-a26f50ab42eb,"{""type"": ""Point"", ""coordinates"": [-73.82704675197603, 40.76235324256198]}"
a05e93c0-0fd7-4912-ae8b-10a86550f6ce,"{""type"": ""Point"", ""coordinates"": [-73.96960616111757, 40.609578756893164]}"
beb18090-d9e5-45de-a709-1c748a15a18c,"{""type"": ""Point"", ""coordinates"": [-73.98669183254243, 40.71631412096641]}"
e2b88e22-4bcd-4bac-b63c-0e6c67cd3c18,"{""type"": ""Point"", ""coordinates"": [-73.88722479343416, 40.68066243399848]}"
c825a81a-fd12-40b1-a2f8-c65608f53117,"{""type"": ""Point"", ""coordinates"": [-73.9933116710745, 40.69755572885165]}"
5612011e-82b9-4439-924b-addcf4561f13,"{""type"": ""Polygon"", ""coordinates"": [[[-73.72480630874635, 40.72565296057392], [-73.72335255146028, 40.7246000180781], [-73.72283756732942, 40.7247667012046], [-73.72480630874635, 40.72565296057392]]]}"
1ec441af-1466-4988-bdb7-e9c8e19d7eb0,"{""type"": ""Point"", ""coordinates"": [-74.1344976425171, 40.63465229048539]}"
bab4a4d4-e03f-4057-9f61-b878e9991d71,"{""type"": ""Point"", ""coordinates"": [-74.00503277778627, 40.65601314742782]}"
9386ff2c-e13c-4340-95df-2f095be6b246,"{""type"": ""Point"", ""coordinates"": [-73.91345811774956, 40.6600907164654]}"
dacefe10-2351-4cdf-b7c5-b00469552979,"{""type"": ""LineString"", ""coordinates"": [[-73.86949539184572, 40.74907763805909], [-73.8644313812256, 40.73353527113829]]}"
b4a06e06-761a-4a98-a9e7-00c6d26fef4c,"{""type"": ""Point"", ""coordinates"": [-74.22379374504091, 40.508603204272696]}"
48f1cc18-8007-44fc-96d1-9c3bf75eed91,"{""type"": ""Point"", ""coordinates"": [-73.95187694812195, 40.82035661358367]}"
32e077ab-a599-482b-bf1f-433a4fa83b08,"{""type"": ""Point"", ""coordinates"": [-73.90150487422945, 40.875885871820664]}"
c6ddf8bc-acb0-435e-820e-542169d09679,"{""type"": ""Polygon"", ""coordinates"": [[[-73.94302069209517, 40.67923216906183], [-73.94137913826854, 40.6791236302101], [-73.94148330437021, 40.6781559262293], [-73.94310551695527, 40.67824990985409], [-73.94302069209517, 40.67923216906183]]]}"
187f2e4c-21a1-47a6-9349-6ff89accee92,"{""type"": ""Point"", ""coordinates"": [-73.78390073776247, 40.760106288058836]}"
d4e76489-ade9-4413-832e-4c766cf8a141,"{""type"": ""Point"", ""coordinates"": [-73.93556892871858, 40.577797831781396]}"
525b4afc-7191-4b70-9ae9-cdec60ee537d,"{""type"": ""LineString"", ""coordinates"": [[-73.77107977867128, 40.715948184163956], [-73.76882672309877, 40.712548941747826]]}"
9387e276-1923-4b49-9e66-0162ea5e7ff8,"{""type"": ""Point"", ""coordinates"": [-73.90197157859804, 40.669457862730425]}"
2e34c507-4362-46db-9eea-3b88d4c1ca29,"{""type"": ""Point"", ""coordinates"": [-74.14390146732332, 40.538415309315575]}"
c81df0d1-1932-4d99-a4d6-39042aadf7ac,"{""type"": ""Point"", ""coordinates"": [-73.8393419981003, 40.6817689561479]}"
58cc2983-aad3-451b-be0c-bb0d52c5f2d1,"{""type"": ""LineString"", ""coordinates"": [[-73.91683101654054, 40.74312774671168], [-73.89584541320802, 40.740331439050735]]}"
6964fd87-af2d-4407-86f7-6ceb01867058,"{""type"": ""LineString"", ""coordinates"": [[-73.78089666366579, 40.68493383353308], [-73.77473831176759, 40.68706536291219]]}"
f36445f7-2a46-4006-acbc-d2f1c36c415e,"{""type"": ""Point"", ""coordinates"": [-73.96328054834159, 40.64953451627645]}"
dc3e399a-5130-43ef-abcf-09b4d80ef134,"{""type"": ""Point"", ""coordinates"": [-73.95957469940187, 40.80873404523114]}"
dffbfbd2-ed73-4c68-b9fe-d0f478ea453f,"{""type"": ""Point"", ""coordinates"": [-73.91430045710877, 40.88700994629237]}"
884af122-9f22-41e8-aee0-b7b8d0b0c44d,"{""type"": ""Point"", ""coordinates"": [-73.98106223205106, 40.59137495267855]}"
4433cb48-41f3-45b1-a6fe-9066e95752c1,"{""type"": ""Point"", ""coordinates"": [-74.0903162956238, 40.60253302105215]}"
529f7bae-687c-40d7-be3b-85e116ccfbd4,"{""type"": ""Point"", ""coordinates"": [-73.97024989128114, 40.74900855084546]}"
1fce0904-3986-416b-bd9f-fba94cb4c761,"{""type"": ""Point"", ""coordinates"": [-73.9797341823578, 40.6603837910312]}"
feb47804-59f5-47dd-aebf-27cd5f7bae5a,"{""type"": ""Point"", ""coordinates"": [-73.97391915321352, 40.650840442267786]}"
c2c04983-895e-4383-a7e0-0fb947a3316c,"{""type"": ""Point"", ""coordinates"": [-73.91727626323701, 40.771579993406554]}"
684e7c5c-776a-48f1-bba7-131426e16be7,"{""type"": ""Point"", ""coordinates"": [-73.90523850917818, 40.664440826798966]}"
a0cf790b-7140-4884-bbd5-3e659a08afd2,"{""type"": ""LineString"", ""coordinates"": [[-73.8108515739441, 40.67746480720232], [-73.80972504615785, 40.67517836931769]]}"
be60c2dd-6649-49e8-8cdf-bbca3ca42128,"{""type"": ""Point"", ""coordinates"": [-73.92265141010286, 40.820475404125375]}"
546aa281-c65b-4a46-8d1f-99aed5f111ad,"{""type"": ""Point"", ""coordinates"": [-73.96513196406886, 40.75644992021662]}"
44f2d7f8-998b-4d5e-8b95-6b9e415841b8,"{""type"": ""Point"", ""coordinates"": [-73.93527388572694, 40.76958523860241]}"
120ed53e-ec32-4196-b4ab-d30e77595f6c,"{""type"": ""Point"", ""coordinates"": [-73.99970723083244, 40.72702734752403]}"
4d8858fb-48ab-47e4-8fdd-5246dca72522,"{""type"": ""Point"", ""coordinates"": [-73.94382476806642, 40.75214991451665]}"
25a1d9c6-b17f-4241-9e6b-45ebc806f1cf,"{""type"": ""Polygon"", ""coordinates"": [[[-73.89361381530763, 40.74670424795305], [-73.8612985610962, 40.749987956993444], [-73.85430335998537, 40.7519385984599]]]}"
4b99478c-93b2-493c-b737-7014504c2fea,"{""type"": ""Polygon"", ""coordinates"": [[[-73.99340691044928, 40.77289263686312], [-73.99431869387627, 40.771665497882786], [-73.99447132833303, 40.77121931184371], [-73.99452949874104, 40.770722657364026], [-73.99459579959513, 40.77019565618165], [-73.99482395499946, 40.76953369310082], [-73.99537816643716, 40.76870178634137], [-73.99860905483365, 40.76441906329671], [-73.99923250079155, 40.76343885396508], [-74.00010505691172, 40.76288233749248], [-74.00100560858847, 40.762245442286414], [-74.00163609534503, 40.76158251118888], [-74.00456607341768, 40.75756491333019], [-74.00654504075648, 40.75477797486313], [-74.00710998103024, 40.75409668289216], [-74.00752237066628, 40.752692424779276], [-74.00832820683719, 40.75086613372009], [-74.00839257985355, 40.750224869008356], [-74.0083240158856, 40.74978006298888], [-74.00813357904553, 40.74937875079351], [-74.00782805867495, 40.748860660787514], [-74.00775756686927, 40.74841552814312], [-74.00781062431633, 40.747624632478235], [-74.00894846767189, 40.74187300455757], [-74.00910847820343, 40.740949936646686], [-74.00936840102078, 40.74036979762728], [-74.00964475236833, 40.739895203947576], [-74.00990978814662, 40.73939494945692], [-74.01003518141808, 40.73894949942019], [-74.00996100157501, 40.73838769718781], [-74.00989419780673, 40.73735883612322], [-74.01065980084242, 40.72880508217512], [-74.0128961764276, 40.717218916487525], [-74.01404986158015, 40.713003463242096], [-74.01524486951531, 40.70884213134051], [-74.01672469452025, 40.704791737123365]]]}"
902d5992-843e-4488-ba99-d064c0718af2,"{""type"": ""Polygon"", ""coordinates"": [[[-74.10693526268007, 40.55807482384981], [-74.10418868064882, 40.56109070146679], [-74.10486459732057, 40.561587900676074], [-74.1076970100403, 40.5584905339729], [-74.10693526268007, 40.55807482384981]]]}"
18e13cca-d732-4d05-8e55-a6989b6c906b,"{""type"": ""Polygon"", ""coordinates"": [[[-73.97366396617146, 40.681278625701694], [-73.97378072608262, 40.68098168608457], [-73.97347929188983, 40.68090258035924], [-73.97356042871253, 40.680624025120316], [-73.97278137272224, 40.68046833942432], [-73.97267479682343, 40.680749135960646], [-73.97284140810372, 40.680812303099984], [-73.9727611304261, 40.68108885528229], [-73.97366396617146, 40.681278625701694]]]}"
a0c3eb30-4fe6-4ff8-a3fb-2f3a652f8ff6,"{""type"": ""Polygon"", ""coordinates"": [[[-73.93694320460783, 40.78925670298303], [-73.9362457045354, 40.78896581362432], [-73.93631326267496, 40.7888701934843], [-73.93702207831667, 40.789163320260414], [-73.93694320460783, 40.78925670298303]]]}"
134b5521-c52c-45df-8433-d54a42cb534e,"{""type"": ""Point"", ""coordinates"": [-73.84114980697633, 40.759756845271525]}"
7dc89fc1-0d9f-482e-9da2-3307d7c01bd3,"{""type"": ""Point"", ""coordinates"": [-73.81640911102296, 40.72986862909519]}"
389edabe-8e78-417a-8422-26371bbf066c,"{""type"": ""LineString"", ""coordinates"": [[-73.90205204486848, 40.780110855484004], [-73.90087187290193, 40.77928625331208]]}"
c58306e5-b8cd-4483-a3a8-8ca62035767f,"{""type"": ""Point"", ""coordinates"": [-73.95491838455202, 40.7400956984389]}"
fedb57f1-13c9-4ade-a961-5fe7d7b5cc95,"{""type"": ""Point"", ""coordinates"": [-73.9229710539803, 40.665033373834426]}"
9d1bf3b5-dc90-4892-8952-8990cdcef15f,"{""type"": ""Point"", ""coordinates"": [-73.99183094501497, 40.71141446695825]}"
1cbfd17f-d104-444a-8b65-d195dbb2af13,"{""type"": ""Point"", ""coordinates"": [-73.77431988716127, 40.79153237046239]}"
b1447fd4-8aac-46a7-b672-56d1a78565ec,"{""type"": ""LineString"", ""coordinates"": [[-73.92069339752199, 40.852136666473406], [-73.91925573349, 40.852623582281645]]}"
4e987d8f-263e-4b8f-ba19-027ab0785d58,"{""type"": ""Point"", ""coordinates"": [-73.99183094501497, 40.71138193693014]}"
c41ee139-2556-479b-a892-8490422952c3,"{""type"": ""Polygon"", ""coordinates"": [[[-73.97470235824586, 40.57990018974546], [-73.97566795349123, 40.57906088421786], [-73.97446632385255, 40.57884494468482], [-73.97470235824586, 40.57990018974546]]]}"
3aa736d4-75d3-476b-bf30-417ba91b0676,"{""type"": ""Point"", ""coordinates"": [-73.78818154335023, 40.7320068506764]}"
af094697-2222-4290-94a2-292ac1284f1f,"{""type"": ""Point"", ""coordinates"": [-73.77827882766725, 40.73653510070236]}"
24bf4dbe-ab2d-4d5d-b32c-c852834dad6b,"{""type"": ""LineString"", ""coordinates"": [[-73.85406732559206, 40.80862847725488], [-73.8551187515259, 40.81341947009765]]}"
6d461db2-4bfe-4758-91ed-3a071d8d5d68,"{""type"": ""LineString"", ""coordinates"": [[-74.00107383728029, 40.654075973582415], [-74.01866912841798, 40.63720878971478]]}"
55315403-ac5c-489e-908f-baa5e2a2a65c,"{""type"": ""Point"", ""coordinates"": [-74.00070905685426, 40.75972433887234]}"
69ea3495-8e22-47a4-b0d2-c5f12edc9c3e,"{""type"": ""Point"", ""coordinates"": [-73.85588049888612, 40.7014310687155]}"
c1badc0f-88fb-4ea2-9ba1-0376113c6955,"{""type"": ""Point"", ""coordinates"": [-73.99463653564455, 40.722209492193755]}"
31c72178-73a7-424e-9112-3cb2511b319f,"{""type"": ""Point"", ""coordinates"": [-73.98173519410194, 40.77866114637992]}"
8866231c-4fde-4e6d-bea0-b56171114831,"{""type"": ""LineString"", ""coordinates"": [[-73.76035094261171, 40.765363961249776], [-73.76183152198793, 40.76915052848845]]}"
fd45f80f-3136-43a8-812c-6a7c5f516899,"{""type"": ""LineString"", ""coordinates"": [[-73.99275161325932, 40.63449129747101], [-73.98613158613443, 40.63050788481312]]}"
f554b96d-61fd-41d4-9a7e-3301634dc30a,"{""type"": ""Point"", ""coordinates"": [-73.91889325808735, 40.86441634457339]}"
207722fd-269e-44ac-ace8-4cc53b6ef109,"{""type"": ""Point"", ""coordinates"": [-73.97368169389667, 40.73059082010239]}"
360a98a9-1968-44da-9155-12206cfd06c5,"{""type"": ""Point"", ""coordinates"": [-73.93553137779237, 40.82897157137714]}"
018a9aad-6e6a-44da-b968-41ee9c942a46,"{""type"": ""Point"", ""coordinates"": [-73.80810499191286, 40.68345311269275]}"
8f22d60f-677a-45ea-a2bc-4d037a81750a,"{""type"": ""Point"", ""coordinates"": [-73.93565475940706, 40.73687247144645]}"
383742f6-b3b3-4378-bc8c-6a1a0bce3f00,"{""type"": ""Point"", ""coordinates"": [-73.90772041166201, 40.85250854240474]}"
2a89acec-a17f-448b-be99-df7f6a9cef10,"{""type"": ""Point"", ""coordinates"": [-74.07517254352571, 40.62792269319827]}"
2e08058a-9a2e-458e-a265-7c24d2c38bc8,"{""type"": ""Point"", ""coordinates"": [-73.95133495330812, 40.76056137358593]}"
a468ae3d-5586-47c1-b78a-66e93adffcf4,"{""type"": ""Point"", ""coordinates"": [-73.97402107715608, 40.681736411641005]}"
2850aadc-d120-4797-8021-61da9d5d4ec6,"{""type"": ""LineString"", ""coordinates"": [[-74.0047860145569, 40.72364869663408], [-74.00096654891969, 40.73173043046086]]}"
e0f36846-baf0-4e5a-bacb-d6e397a6a8f3,"{""type"": ""Point"", ""coordinates"": [-73.95733237266542, 40.586109093809576]}"
43b8b335-1125-47c1-9913-7f674aca0faa,"{""type"": ""Point"", ""coordinates"": [-73.91375720500947, 40.81335044977541]}"
0a76d36f-3fcb-4005-a8cb-4b16c292dc74,"{""type"": ""Point"", ""coordinates"": [-74.01639461517335, 40.702634849027795]}"
69a9cf1d-bc32-46e4-96e8-a314e1cc844c,"{""type"": ""Point"", ""coordinates"": [-74.00231580482797, 40.72850673464748]}"
59282df6-4f2d-48a5-a7dc-09455c1acd4d,"{""type"": ""LineString"", ""coordinates"": [[-73.779673576355, 40.685389433327266], [-73.77486705780031, 40.68708163386666]]}"
bcedd3dc-ee93-4528-821e-d2f347646033,"{""type"": ""Point"", ""coordinates"": [-73.99544155457988, 40.76146088527951]}"
95b4b224-f0bd-4230-a8c8-d9021b392409,"{""type"": ""Point"", ""coordinates"": [-73.86699557304384, 40.83257998197015]}"
d8bce6e0-49f3-41d1-9314-917d934ff95a,"{""type"": ""LineString"", ""coordinates"": [[-73.82713794708253, 40.85185668826332], [-73.8273471593857, 40.85293601804052]]}"
e6d394c4-4524-47c4-be43-6b51a5018420,"{""type"": ""LineString"", ""coordinates"": [[-73.93898719456048, 40.64152619008325], [-73.93849316518754, 40.636869832754684]]}"
2bd2598c-0872-4a3a-aa30-ab1b2123d9b8,"{""type"": ""LineString"", ""coordinates"": [[-74.00459289550783, 40.7214044998681], [-73.99997949600221, 40.72690102141602]]}"
644834ad-dc7f-4add-9c34-e5ecfebcf206,"{""type"": ""LineString"", ""coordinates"": [[-73.97111892700197, 40.80105962779569], [-73.96807193756105, 40.80565626376765]]}"
6c803008-96a6-4b63-8e66-133259131a89,"{""type"": ""Point"", ""coordinates"": [-73.91927130287515, 40.819017124893726]}"
3e30e4d7-7f51-457f-82a4-70103cb65332,"{""type"": ""Point"", ""coordinates"": [-73.8531017303467, 40.77475685196209]}"
b29ddabe-ad77-42d0-a0b9-6f7cecf290c7,"{""type"": ""Point"", ""coordinates"": [-73.8858997821808, 40.65325387860683]}"
4dce76b2-fdb0-4a49-b8ef-c1a76d87e99b,"{""type"": ""Point"", ""coordinates"": [-73.9424353837967, 40.83170326584778]}"
76cede7a-5357-4a6f-928a-22e3d7d2f9fa,"{""type"": ""LineString"", ""coordinates"": [[-73.79043996334077, 40.696920765923466], [-73.7896513938904, 40.69727867306162]]}"
2d527a87-7a54-4959-8cfa-d9299e0188df,"{""type"": ""Point"", ""coordinates"": [-73.90344857471065, 40.83542524990591]}"
0787b827-1384-4540-b325-740e5b6f6729,"{""type"": ""Point"", ""coordinates"": [-73.97975564002992, 40.74107523584929]}"
52a6a44b-a214-4ae3-a11a-6aaa7a6d18e9,"{""type"": ""Point"", ""coordinates"": [-73.90763877192514, 40.671225722928554]}"
f3443b21-e807-4703-a8f7-849118ef3f89,"{""type"": ""Point"", ""coordinates"": [-73.99145007133485, 40.67539806604288]}"
1346a6eb-60e7-456c-bb60-0df1de7b2f60,"{""type"": ""Point"", ""coordinates"": [-73.8078421354294, 40.66746818317838]}"
f667812c-2b8b-4e9e-9eb7-3f40e7db1c45,"{""type"": ""LineString"", ""coordinates"": [[-74.14762973785402, 40.57077319542732], [-74.15488243103029, 40.56555721110907]]}"
e129efb0-023a-44cc-9243-5e2b490f01e4,"{""type"": ""Polygon"", ""coordinates"": [[[-73.9199209213257, 40.7823774431953], [-73.92444849014284, 40.778591629746124], [-73.92773151397706, 40.776739264726004], [-73.9239549636841, 40.774675604275465], [-73.92313957214357, 40.77550432601707], [-73.92371892929079, 40.77646303042902], [-73.91807556152345, 40.78132133668076], [-73.9199209213257, 40.7823774431953]]]}"
781752ef-a27e-41a7-a77c-e99ed1ee412c,"{""type"": ""Point"", ""coordinates"": [-73.90709459781648, 40.82480278059604]}"
11d00af0-ebdc-4fa8-9f59-72fca853e6d2,"{""type"": ""Point"", ""coordinates"": [-73.93741428852083, 40.77258750463936]}"
7eda8913-1a4b-4840-a141-124732f00a2a,"{""type"": ""Point"", ""coordinates"": [-73.93859795993195, 40.834396052010014]}"
fb9dd88e-4da9-422e-a5d6-5d3fc06c8f3d,"{""type"": ""Point"", ""coordinates"": [-74.01224144501613, 40.64947801280256]}"
0af608ce-9615-40ee-9544-8de5895f7344,"{""type"": ""Polygon"", ""coordinates"": [[[-73.76971721649171, 40.610181478995244], [-73.76885890960695, 40.60981903189627], [-73.76868724823, 40.60970093073152], [-73.76849949359895, 40.60948509013251], [-73.76839220523836, 40.609334408546374], [-73.76839220523836, 40.60912671174913], [-73.76855850219728, 40.60900046436084], [-73.76867651939394, 40.60885792670031], [-73.76933097839357, 40.60779499341653], [-73.76951336860658, 40.607102652300476], [-73.7695348262787, 40.606907166451585], [-73.76950263977052, 40.60579940250713]]]}"
da1bd18f-6aa8-4279-93f5-385eeaedafd8,"{""type"": ""Point"", ""coordinates"": [-73.87255847454072, 40.80146976461152]}"
42a72eb9-899f-4f71-94d8-0d2aee94b0a2,"{""type"": ""Point"", ""coordinates"": [-73.91245365142824, 40.84952349050329]}"
5d6d13ff-1c3c-465a-90ea-6f9fb9cbc551,"{""type"": ""LineString"", ""coordinates"": [[-73.78072500228883, 40.69687602739597], [-73.77658367156984, 40.69863300880454]]}"
4940e84b-4c1b-46ae-9823-699124c49c37,"{""type"": ""Point"", ""coordinates"": [-73.93288135528566, 40.590512829250635]}"
5224b476-b1ea-4c70-8c8d-0a80e2a493a3,"{""type"": ""LineString"", ""coordinates"": [[-73.7614130973816, 40.7475008061311], [-73.76716375350954, 40.75567716798607]]}"
46acebaf-2e96-434a-9902-f20ac4716e18,"{""type"": ""Point"", ""coordinates"": [-73.97714316844942, 40.63063415517349]}"
c21f352b-bd0d-4a44-8456-0ef3245ad1fe,"{""type"": ""Point"", ""coordinates"": [-73.84265184402467, 40.753547834590336]}"
d795aab4-5de7-41da-a506-bd05bdcc1e06,"{""type"": ""Polygon"", ""coordinates"": [[[-73.87433206429705, 40.82896416675425], [-73.87389000272378, 40.82722250354681], [-73.87307264143602, 40.82735491804686], [-73.87338792672382, 40.82915879548564], [-73.87433206429705, 40.82896416675425]]]}"
29928983-c8f8-4d0e-8342-9f3d035ffe2f,"{""type"": ""Polygon"", ""coordinates"": [[[-73.90652999281885, 40.87817769145235], [-73.90627369517462, 40.87854831211318], [-73.90608839225025, 40.878477553387036], [-73.90620050020516, 40.87831179451654], [-73.90601658029483, 40.87823127567244], [-73.90609111636877, 40.878086968927605], [-73.90602175612003, 40.87805033765288], [-73.90611357986927, 40.877962767910105], [-73.90652999281885, 40.87817769145235]]]}"
6640e7be-4f73-4ea0-a332-0890d5225150,"{""type"": ""LineString"", ""coordinates"": [[-73.76035094261171, 40.765363961249776], [-73.76183152198793, 40.76915052848845]]}"
4cec91e7-962a-4fda-90e7-ff49ef32453d,"{""type"": ""Polygon"", ""coordinates"": [[[-73.97204160690309, 40.726096085832836], [-73.9717733860016, 40.726022909387964], [-73.97150516510011, 40.727901079335915], [-73.97178411483766, 40.727933601292364], [-73.97204160690309, 40.726096085832836]]]}"
45450c3d-0fbb-4311-bc41-f8e1788a60ae,"{""type"": ""LineString"", ""coordinates"": [[-74.21775341033937, 40.54106925268932], [-74.21693801879884, 40.528609891020174]]}"
a1f9fd3e-6bbf-4f9d-96ad-8fefe0dc8b88,"{""type"": ""Point"", ""coordinates"": [-73.82288396358491, 40.59593460655554]}"
44d68980-69c9-41e4-966d-d1a6fc17fd24,"{""type"": ""Point"", ""coordinates"": [-73.89147081412376, 40.8830858386987]}"
f3ed78a3-9fc1-4cc4-91dd-aa1a79838d77,"{""type"": ""Point"", ""coordinates"": [-73.93420808482917, 40.84282085957389]}"
47f6bbe2-4e37-4676-a7b7-6134a31ae1d7,"{""type"": ""LineString"", ""coordinates"": [[-73.99635314941408, 40.75346656097219], [-73.98669719696046, 40.7666640944953]]}"
07953d74-2260-40b2-836b-85279b3edb36,"{""type"": ""Point"", ""coordinates"": [-73.90100598335268, 40.74408691819078]}"
47bf6e34-5d16-4a6c-b888-e363b81de154,"{""type"": ""LineString"", ""coordinates"": [[-73.85709285736085, 40.756875903920175], [-73.85505974292757, 40.75722536185214]]}"
274e5fb9-8354-47c9-9045-3655cc7c071c,"{""type"": ""Point"", ""coordinates"": [-73.9099120697938, 40.82123306742727]}"
6b26ddab-eb94-4401-b18c-bae9d8dd0c02,"{""type"": ""Point"", ""coordinates"": [-73.74608159065248, 40.77860787833355]}"
3ac06bc1-bcb1-450e-acff-9957a71dd20e,"{""type"": ""LineString"", ""coordinates"": [[-73.89254084788264, 40.648899238954755], [-73.8816250115633, 40.63909811407447]]}"
f46c89e1-e623-410e-84b7-a5901be57da5,"{""type"": ""Point"", ""coordinates"": [-73.98625002242626, 40.76209186785812]}"
f839198e-77b7-4a0b-99a5-7910f5c95b15,"{""type"": ""Point"", ""coordinates"": [-73.98516949033366, 40.68875440661361]}"
ecf8e9c8-b78a-4112-b6cf-4dff3a59b115,"{""type"": ""Point"", ""coordinates"": [-73.93582107732074, 40.82722914726949]}"
78fc13b7-9535-48c8-8f79-0dc6013f9e25,"{""type"": ""Point"", ""coordinates"": [-74.02372354175897, 40.63991734638029]}"
fad01240-3026-4cf6-bfc6-41f9887350a9,"{""type"": ""Point"", ""coordinates"": [-73.77600431442262, 40.79201160873033]}"
d01dc637-7b80-440c-9484-e0a3db2a07a1,"{""type"": ""Point"", ""coordinates"": [-73.98629486560823, 40.60570165774816]}"
c80d67d2-f6b4-42af-ab11-b1097d9536d2,"{""type"": ""Point"", ""coordinates"": [-73.97455842001365, 40.58113589263708]}"
282f79f7-5cd0-4174-9744-4315198c5bd7,"{""type"": ""Point"", ""coordinates"": [-73.8393795490265, 40.69673774448476]}"
d1ed481b-d4f8-4831-850f-6543923f8150,"{""type"": ""Point"", ""coordinates"": [-73.90222907066347, 40.73814877420359]}"
31e4857d-9573-4083-83e3-91590f3f02ab,"{""type"": ""LineString"", ""coordinates"": [[-73.94459724426271, 40.61590706783076], [-73.97223472595216, 40.6041784501165]]}"
854b547b-9a30-400c-b211-883d6a7eaf1b,"{""type"": ""Point"", ""coordinates"": [-73.98798413341865, 40.57814827711018]}"
c6b83818-fd90-4914-a59a-4712d98fcd4d,"{""type"": ""Point"", ""coordinates"": [-73.83216977119447, 40.7599559466197]}"
215edf4e-bbb4-464b-b43a-37d593b78dcf,"{""type"": ""Point"", ""coordinates"": [-73.94333124160768, 40.724364221722716]}"
a6b9e3dc-6ebd-4652-8298-7ca5b21f54aa,"{""type"": ""LineString"", ""coordinates"": [[-73.94186843186618, 40.70075736417903], [-73.90552248805761, 40.68006594178251]]}"
c2e11b12-394c-49f1-9a5d-92e46f4c2be9,"{""type"": ""Point"", ""coordinates"": [-73.8858997821808, 40.6531887617402]}"
df3837a4-a5e1-427a-a6e1-147b70d5589f,"{""type"": ""Point"", ""coordinates"": [-73.90892922878267, 40.662552728513816]}"
21fd7160-d474-4426-a8b8-cee7a14c8cf5,"{""type"": ""LineString"", ""coordinates"": [[-73.74225139617921, 40.67481220650029], [-73.73618960380556, 40.6726233246068]]}"
fe764960-63c1-410d-b980-09582374b0b3,"{""type"": ""Point"", ""coordinates"": [-74.03013582341374, 40.61332503333324]}"
1cde81bf-9e34-4748-87d0-3df4c773bf84,"{""type"": ""Point"", ""coordinates"": [-73.7382334470749, 40.76822422081556]}"
5279ae34-1a0c-41d6-8f92-0461d2790775,"{""type"": ""Point"", ""coordinates"": [-73.90229344367982, 40.87477446592582]}"
a76c7a99-df24-4980-a328-186c5612b783,"{""type"": ""Point"", ""coordinates"": [-73.90694439411165, 40.77180749727838]}"
8a5cd06a-6310-4f3d-b63f-01c0dd9034ed,"{""type"": ""Point"", ""coordinates"": [-73.82111907005311, 40.71155678564452]}"
a167baa7-5077-435f-8a57-65e24f9b0ffb,"{""type"": ""LineString"", ""coordinates"": [[-73.88778512366117, 40.837434118388984], [-73.8907282613218, 40.83241130190247]]}"
4778fd74-db9f-4b05-8036-82d65694afaf,"{""type"": ""LineString"", ""coordinates"": [[-73.85261893272401, 40.752507524775034], [-73.85161042213441, 40.750500005917516]]}"
3ecea170-0e91-46ff-9436-8557b510f5f0,"{""type"": ""Point"", ""coordinates"": [-73.9018750190735, 40.81762957397424]}"
40c842fe-8b57-468e-8b11-595046d06ed2,"{""type"": ""Point"", ""coordinates"": [-73.91404688358308, 40.82306942823296]}"
fa1b76ad-e194-4ce4-94a8-74fdc1037981,"{""type"": ""LineString"", ""coordinates"": [[-73.99991793092342, 40.6918100209944], [-73.99787274654956, 40.69120705065621]]}"
83948ae4-7b29-47a4-992d-2ca461fe12c1,"{""type"": ""Point"", ""coordinates"": [-73.87804491212593, 40.88709145249171]}"
a7e3da82-d5f5-4445-8788-2e99ed9d80fc,"{""type"": ""LineString"", ""coordinates"": [[-73.92421245574953, 40.707449752719434], [-73.9003086090088, 40.693329386717714]]}"
9fa628d9-7c32-4f7a-a708-ac3668fac668,"{""type"": ""Point"", ""coordinates"": [-73.90195012092592, 40.81767423131036]}"
fc82017b-756e-46a3-b6ee-0afd2ec6c42d,"{""type"": ""Point"", ""coordinates"": [-73.96690249443056, 40.695318294477865]}"
0f7e71c0-00a0-49db-b74a-d27967220916,"{""type"": ""Point"", ""coordinates"": [-74.08641099929811, 40.63526292818082]}"
a7e3c18a-bc52-426c-9e47-233dd70df2b6,"{""type"": ""LineString"", ""coordinates"": [[-73.93223762512208, 40.821019386288555], [-73.93228054046632, 40.809131953785965]]}"
b82e8f3d-031c-45a1-9db8-e8e6f9bee28d,"{""type"": ""Point"", ""coordinates"": [-73.90478253364564, 40.68876565616852]}"
9fb4c0eb-4e3b-4636-bdcd-60079de2f0fc,"{""type"": ""LineString"", ""coordinates"": [[-73.99949573446067, 40.6210681335654], [-73.99485475849362, 40.61825613910188]]}"
ed111ceb-c7d6-49c5-a7da-a8ff06e2c4ae,"{""type"": ""Point"", ""coordinates"": [-73.98509323596956, 40.71426078288698]}"
0a6abe36-0bab-43aa-bbb8-37b1710f92ea,"{""type"": ""Point"", ""coordinates"": [-73.99131059646608, 40.765940898516604]}"
39c895f9-c6fb-4398-91fc-5ae41addf568,"{""type"": ""Point"", ""coordinates"": [-73.93538117408754, 40.81948485798231]}"
541cc4d6-65bc-4858-bd4d-9de2e5b4204e,"{""type"": ""Point"", ""coordinates"": [-73.89026105403902, 40.76634718936101]}"
e631d7f3-e0c0-4c17-9245-52869cde318a,"{""type"": ""Point"", ""coordinates"": [-73.92312884330751, 40.84059165610897]}"
c57a577b-0a26-4a6e-8c85-a2b4274b984a,"{""type"": ""Point"", ""coordinates"": [-73.97050201892854, 40.744936342400436]}"
693a6629-f6b7-419a-89d0-d3b0473cb14b,"{""type"": ""Point"", ""coordinates"": [-74.01633040979505, 40.690151243602294]}"
b77a6a39-6d9f-4adb-a672-95518fda84ff,"{""type"": ""Point"", ""coordinates"": [-74.07798349857332, 40.646802930337174]}"
20bb93d6-597a-4981-ad07-9734949ba1b8,"{""type"": ""Point"", ""coordinates"": [-73.92625051550569, 40.8556308262503]}"
1bf85420-be3e-424d-866a-f7340a514e16,"{""type"": ""LineString"", ""coordinates"": [[-74.02347564697267, 40.639227866411176], [-73.99352073669435, 40.668399962792876]]}"
94775155-fed7-4b23-95e1-3324bc4c8b73,"{""type"": ""Point"", ""coordinates"": [-73.99995803833009, 40.75618104606285]}"
3d98de92-5e6f-40f4-9b4d-fa52e83600c0,"{""type"": ""Point"", ""coordinates"": [-73.9953660964966, 40.73905111360621]}"
c1d1db2c-e1b1-4ea9-9199-dd1975f6b785,"{""type"": ""Point"", ""coordinates"": [-73.78778994083406, 40.771685620301064]}"
9b6eeb18-399c-4f87-b9c0-14a98e609842,"{""type"": ""Point"", ""coordinates"": [-73.85308027267457, 40.70137413262137]}"
7e1f7f56-3019-46fd-b812-ad99db5ba315,"{""type"": ""Point"", ""coordinates"": [-73.88723015785219, 40.6806787065161]}"
8045dbb3-ec7a-479d-8e8d-d59169ded515,"{""type"": ""Point"", ""coordinates"": [-73.98634861456232, 40.711320609524286]}"
2991a972-fae7-4bac-a4a8-34811023731b,"{""type"": ""Point"", ""coordinates"": [-73.94628112670034, 40.689891841404105]}"
c136ef97-261c-421d-a7d4-f862dc2c8406,"{""type"": ""Point"", ""coordinates"": [-73.98700296878816, 40.72303480250091]}"
3589bdc9-e605-4b5f-bce8-3f24b3d35617,"{""type"": ""Point"", ""coordinates"": [-73.8691145181656, 40.76928866098246]}"
901231ec-6144-4d90-a68e-b1a4e1e8dbe0,"{""type"": ""Point"", ""coordinates"": [-73.8767856359482, 40.7386446559308]}"
9bbb13db-c7a3-4c4f-8d58-261e23308e21,"{""type"": ""Point"", ""coordinates"": [-74.21557009220125, 40.523985965224334]}"
bd946c67-b28a-42e0-af41-22236e039966,"{""type"": ""Point"", ""coordinates"": [-74.03415209613742, 40.61087152931318]}"
de8585bf-c852-4043-831b-a6e0d105442e,"{""type"": ""LineString"", ""coordinates"": [[-73.75358104705812, 40.7700524472364], [-73.75152111053468, 40.767736685275]]}"
1ba97a03-5c05-4762-a0ad-7d92a62891e4,"{""type"": ""Point"", ""coordinates"": [-73.9469361305237, 40.710763863375945]}"
3ef17a2b-5004-478e-9969-a0f25e8b6f0d,"{""type"": ""Point"", ""coordinates"": [-74.00230228900911, 40.728523058998576]}"
51334043-9d58-4c51-8c67-3acf2338c5d0,"{""type"": ""Point"", ""coordinates"": [-73.9465886168182, 40.77153852655246]}"
d41e462d-24ce-443e-a1d9-b0bdcb279bf8,"{""type"": ""LineString"", ""coordinates"": [[-74.00906093185768, 40.72203571961914], [-74.00929164374249, 40.720721531968294]]}"
b485438a-0478-44f7-8756-85e76a1f5602,"{""type"": ""Point"", ""coordinates"": [-73.87431263923646, 40.73572215212205]}"
12518a57-eb68-4bd4-ae25-01fbc31b7158,"{""type"": ""Point"", ""coordinates"": [-73.82782459259035, 40.87453514615669]}"
f336b097-effb-4f02-90a6-32291dc2827b,"{""type"": ""Polygon"", ""coordinates"": [[[-74.00933091295883, 40.718676239098954], [-74.00943042710425, 40.71829344843107], [-74.0095103904605, 40.717884036907094], [-74.00954729178922, 40.7177300106148], [-74.00962616549806, 40.71736276335761]]]}"
a9e1edde-89b4-4915-8cbc-c7c4b1219b4c,"{""type"": ""Point"", ""coordinates"": [-74.00127783184871, 40.73111319686983]}"
bec8d5a2-129e-4b97-bdad-b4a23c98d59e,"{""type"": ""Point"", ""coordinates"": [-73.90887332148851, 40.874712481174576]}"
fc9797aa-dbe5-4b26-84dc-e30d0223ec8e,"{""type"": ""Point"", ""coordinates"": [-73.97715595085175, 40.75217202710306]}"
f4ab1433-607f-4242-8312-31ea83b9449b,"{""type"": ""LineString"", ""coordinates"": [[-74.07379388809206, 40.636410911928834], [-74.07342910766603, 40.64230521261239]]}"
25f2c946-4072-451d-a972-ba5b935c5f51,"{""type"": ""Point"", ""coordinates"": [-73.8795965909958, 40.732039370626225]}"
69a3cffa-b051-4c7f-b0ca-592e99ef77ad,"{""type"": ""Polygon"", ""coordinates"": [[[-73.8006377220154, 40.58676906153396], [-73.80183398723604, 40.58669165824906], [-73.80316972732545, 40.58657759008701], [-73.80594313144685, 40.58638204421372], [-73.80674779415132, 40.5863127882465], [-73.8070321083069, 40.58628427106268], [-73.80730569362642, 40.58623538443356], [-73.80752563476564, 40.586174276096884], [-73.80769729614259, 40.58612131549329], [-73.80856633186342, 40.58579540316338], [-73.81013274192811, 40.58523320066163], [-73.81040632724763, 40.5851272779221], [-73.81064236164094, 40.585062094614386], [-73.81127536296846, 40.58489098812943], [-73.81319046020509, 40.584418406039724], [-73.81391465663911, 40.584239149890806], [-73.81581366062166, 40.58376248915772], [-73.81608724594118, 40.58369730451992], [-73.81651639938356, 40.58356286100387], [-73.81692409515382, 40.58345693561906], [-73.8190805912018, 40.58283360207198], [-73.8196384906769, 40.58266248988604], [-73.82237434387208, 40.58193729528689], [-73.82308244705202, 40.58176210664849], [-73.82362425327302, 40.58162765924269], [-73.82545351982118, 40.58111431211681]]]}"
5465a22e-d6cc-40a8-90c3-946f2c07659d,"{""type"": ""Polygon"", ""coordinates"": [[[-73.9124431530945, 40.66517121389867], [-73.91159643419088, 40.66528948718611], [-73.91124799847604, 40.66384487293903], [-73.91208247980103, 40.663716281124195], [-73.9124431530945, 40.66517121389867]]]}"
ae0080cc-60a4-41bb-845c-c4e316c6132b,"{""type"": ""LineString"", ""coordinates"": [[-73.89455795288087, 40.70078036759664], [-73.86648058891298, 40.703130995392776]]}"
e06c209a-9f5f-44ba-a36f-946f7f1b52f9,"{""type"": ""Point"", ""coordinates"": [-73.99601429002361, 40.74447719681341]}"
e6fd993d-3481-440e-b789-679be1a6208b,"{""type"": ""Polygon"", ""coordinates"": [[[-73.97470235824586, 40.57990018974546], [-73.97566795349123, 40.57906088421786], [-73.97446632385255, 40.57884494468482], [-73.97470235824586, 40.57990018974546]]]}"
f7dde981-7bb5-4591-b5e8-c9894ed47898,"{""type"": ""Polygon"", ""coordinates"": [[[-73.91097307205202, 40.699592821668645], [-73.89460086822511, 40.70078036759664], [-73.8949227333069, 40.70190282305183]]]}"
bc96d42a-5904-4601-959b-99f63c4464e8,"{""type"": ""Point"", ""coordinates"": [-73.98625731468202, 40.60568536694108]}"
b466bbc2-54c2-43fe-aac5-3da40b5b3738,"{""type"": ""LineString"", ""coordinates"": [[-73.88707995414735, 40.76493734948644], [-73.88414025306703, 40.76443353778213]]}"
6caa3dc6-9180-42c3-a68b-e4d19930cdf6,"{""type"": ""Point"", ""coordinates"": [-73.97406935691835, 40.63021889336185]}"
52c4fb7e-2670-4f99-a65a-5b7f75de0124,"{""type"": ""Point"", ""coordinates"": [-73.94627630710603, 40.75365349014544]}"
979cfff3-c37f-4aee-ac58-e9b89530125a,"{""type"": ""LineString"", ""coordinates"": [[-74.02390480041505, 40.64593597303585], [-74.01278972625734, 40.65661545052187]]}"
12637548-daa3-4dfd-8664-63e8b6e07f5d,"{""type"": ""Point"", ""coordinates"": [-73.81842076778413, 40.82725050548565]}"
99869d6e-8730-4df9-a090-08a0d54ca110,"{""type"": ""Point"", ""coordinates"": [-73.99912202730775, 40.727790952377994]}"
5fb4b87b-a797-49b5-b19d-c5a21f91579c,"{""type"": ""Point"", ""coordinates"": [-73.83767854655163, 40.811441704916184]}"
f7d95955-1eb8-4c71-8a7e-2b067f81f456,"{""type"": ""Point"", ""coordinates"": [-73.90054464340211, 40.66374500369322]}"
f4d8d467-08e1-469c-8551-f5e0020031cc,"{""type"": ""Point"", ""coordinates"": [-74.07086491584779, 40.62049207180326]}"
ac437f06-67d0-41cc-8e62-e8f771606870,"{""type"": ""Point"", ""coordinates"": [-73.83233070373537, 40.77914407948919]}"
eaa8faf4-df8f-461d-bbed-3a246e31ac63,"{""type"": ""Point"", ""coordinates"": [-73.90266434289515, 40.65617879403832]}"
e7320d47-6113-4aaf-bb8b-864e2fd6779b,"{""type"": ""Polygon"", ""coordinates"": [[[-73.90461611095816, 40.661525715650036], [-73.90393956564368, 40.66160217389292], [-73.90357449185103, 40.66024393817726], [-73.90427354257555, 40.66011861400219], [-73.90461611095816, 40.661525715650036]]]}"
15443e34-641e-4905-9ae1-b90c2d0e485a,"{""type"": ""Point"", ""coordinates"": [-74.18136119842531, 40.64354262400074]}"
48351a1e-1800-43f3-be4a-de3317691688,"{""type"": ""LineString"", ""coordinates"": [[-73.78422260284425, 40.75941552728725], [-73.770489692688, 40.76273111352536]]}"
a43653b7-eff0-4437-86ba-ad3650ae5f10,"{""type"": ""Point"", ""coordinates"": [-73.92285353969783, 40.867346276741735]}"
f0db57de-638f-4641-b322-b3e1c92168e5,"{""type"": ""LineString"", ""coordinates"": [[-73.90370302833618, 40.63816552763523], [-73.90576994279401, 40.63668944512514]]}"
f4492d03-bd9b-45e0-a2fb-a9df8b593292,"{""type"": ""LineString"", ""coordinates"": [[-73.92786026000978, 40.776706766633026], [-73.91524314880373, 40.786065560374446]]}"
07190cd5-f88e-446f-a043-45ec3987b9e5,"{""type"": ""LineString"", ""coordinates"": [[-73.86054754257204, 40.66805003835066], [-73.85766148567201, 40.66845692706318]]}"
162efa02-d550-4f70-9e53-6359b787ef08,"{""type"": ""Point"", ""coordinates"": [-73.77600431442262, 40.79201160873033]}"
fb7834d1-f845-44e0-a3c2-f457897fa281,"{""type"": ""Point"", ""coordinates"": [-73.99156632833183, 40.72174045448569]}"
68ab9073-5613-46e5-b58f-ecd8f9a89f00,"{""type"": ""Polygon"", ""coordinates"": [[[-73.90051256166772, 40.875661418261714], [-73.90079561853781, 40.875373189368524], [-73.90104280086236, 40.87502500288222], [-73.90122229931877, 40.87472922910515], [-73.9014264405705, 40.87419153444044], [-73.90057152835652, 40.87402590744219], [-73.90043328981848, 40.8743904827676], [-73.9005923154764, 40.87466604010741], [-73.90063212951645, 40.874904773148195], [-73.90055105555804, 40.87528964062348], [-73.90042662620546, 40.87558915121549], [-73.90051256166772, 40.875661418261714]]]}"
7ae9d249-d126-480b-a806-9a3794a8fde4,"{""type"": ""Point"", ""coordinates"": [-73.89831304550172, 40.841078656752345]}"
44eb4fb1-1fd8-490e-b69b-cf70f966fe86,"{""type"": ""Point"", ""coordinates"": [-73.86579056968914, 40.843434535251625]}"
a0bf5720-6410-49f4-9e65-e6935729185e,"{""type"": ""Point"", ""coordinates"": [-73.98866057395936, 40.77148249150876]}"
ef728bc1-0117-4e17-8e56-1d62de38fb7d,"{""type"": ""Point"", ""coordinates"": [-73.89558792114259, 40.72538871016195]}"
892476f1-4a75-4cc1-b0be-b819027500de,"{""type"": ""Point"", ""coordinates"": [-73.864738997072, 40.8226969748276]}"
f30d05bf-3c70-4648-953f-e58d4f0fd0f2,"{""type"": ""Point"", ""coordinates"": [-73.90405833721162, 40.67820930652889]}"
494d9b3a-8b70-4094-ba76-247e5c503ae1,"{""type"": ""LineString"", ""coordinates"": [[-73.99594545364381, 40.75898481399634], [-73.99879932403566, 40.76016317392013]]}"
7b3ebba0-c815-4cc0-8c22-e6e0935498d5,"{""type"": ""Polygon"", ""coordinates"": [[[-74.11798596382143, 40.640530464129974], [-74.11696672439577, 40.640986367326505], [-74.11387681961061, 40.6429076394433], [-74.11369979381563, 40.6429768367717], [-74.11337256431581, 40.643046034028345], [-74.11276102066041, 40.64312337205381], [-74.11254644393922, 40.64316814665919], [-74.11242842674257, 40.64329025906663], [-74.11237478256227, 40.64371765073335], [-74.1122728586197, 40.64391709924125], [-74.1119831800461, 40.64411247679359], [-74.11150038242342, 40.64437704965072], [-74.11108732223512, 40.644543933528894], [-74.11081910133363, 40.64463755113151], [-74.10909175872804, 40.64504458265979], [-74.10855531692506, 40.64515855104286], [-74.10827636718751, 40.64519518369612], [-74.10766482353212, 40.64525216778339], [-74.10722494125368, 40.6452765895202], [-74.10610914230348, 40.64526844894225], [-74.10486459732057, 40.64530915182201], [-74.10430669784547, 40.64533357353796], [-74.1035556793213, 40.64539869807014], [-74.10313725471498, 40.64540683863219], [-74.10280466079713, 40.64536613581199], [-74.10227894783021, 40.6452603083633], [-74.10171031951906, 40.64508121537559], [-74.1010880470276, 40.64482885625898], [-74.10097002983095, 40.64478408276765], [-74.10060524940492, 40.64474744988878], [-74.0996825695038, 40.64477187181027], [-74.0990173816681, 40.644723027958364], [-74.09842729568483, 40.644657902766895], [-74.09741878509523, 40.64473116860283], [-74.09616351127626, 40.644812574992876], [-74.09576654434206, 40.64483699689055], [-74.09414649009706, 40.64516262133868], [-74.09338474273683, 40.64535799524498], [-74.09115314483644, 40.64592783253835], [-74.09012317657472, 40.64619646843203], [-74.08961892127992, 40.64631857529897], [-74.08886790275575, 40.64670117536871], [-74.08756971359254, 40.64752335107611], [-74.08638954162599, 40.6481664319459], [-74.08589601516725, 40.6483536568572], [-74.08552050590517, 40.6484106382477], [-74.08503770828248, 40.648386217657716], [-74.08437252044679, 40.64818271239382], [-74.0836000442505, 40.64791408449524], [-74.08272027969362, 40.64768615694544], [-74.08164739608766, 40.647482649546724], [-74.08064961433412, 40.64731984318095], [-74.08013463020326, 40.64717331711215], [-74.07934069633485, 40.646741877374716], [-74.07818198204042, 40.64607436134169], [-74.07779574394227, 40.645724319777806], [-74.0772593021393, 40.644959106244755], [-74.07628297805788, 40.64371358034944]]]}"
9d24df52-76d4-4c35-966d-8547e8faa4d6,"{""type"": ""LineString"", ""coordinates"": [[-73.93444776535036, 40.811665519638666], [-73.93414735794069, 40.8149175993977]]}"
3885c5ca-cd1f-4854-aaab-505c77d9fd04,"{""type"": ""Point"", ""coordinates"": [-73.93564939498903, 40.73729926331002]}"
4fbbac1c-8776-4822-8a2b-919dfc3a9575,"{""type"": ""Point"", ""coordinates"": [-73.96162390708925, 40.81479174159825]}"
1da685f0-a866-49cf-83f3-2ad8aec4a622,"{""type"": ""Point"", ""coordinates"": [-73.9697188138962, 40.749341794390425]}"
8edac695-7503-4247-b444-be0a9c394551,"{""type"": ""LineString"", ""coordinates"": [[-73.8421154022217, 40.840599772815686], [-73.85164260864259, 40.83425220465154]]}"
2ed7cd9f-a00b-498b-aba9-b3f1a6dcba08,"{""type"": ""Polygon"", ""coordinates"": [[[-73.88357162475587, 40.73385233268795], [-73.88113617897035, 40.73560833852809], [-73.87785315513612, 40.73657574787062]]]}"
671bbd93-0c11-4fe7-a2c8-b1f87d9f0c47,"{""type"": ""Point"", ""coordinates"": [-73.88027787208559, 40.74129065085522]}"
3ceaf9eb-40cc-4aea-b18d-ae00935de85d,"{""type"": ""Point"", ""coordinates"": [-73.94951105117799, 40.68045902719295]}"
d20a70d6-1d19-451a-aa24-03a09ed86901,"{""type"": ""Point"", ""coordinates"": [-73.87734889984132, 40.73920150231666]}"
1897cbc0-4abf-47d2-b57f-f109087db3b7,"{""type"": ""Point"", ""coordinates"": [-73.94154325593263, 40.83105328409093]}"
1f5a0943-e9c1-4f21-8f88-8be67d30ea93,"{""type"": ""Point"", ""coordinates"": [-74.10195708274843, 40.64242732659856]}"
df23e364-2b83-4145-bd09-f0085003861a,"{""type"": ""Point"", ""coordinates"": [-73.91083896160127, 40.67851035854054]}"
f2993670-3f98-4fd2-8362-27c8e566c767,"{""type"": ""Point"", ""coordinates"": [-73.73254716396333, 40.73731145732304]}"
f7edf873-e266-40f9-be20-c003e9849b85,"{""type"": ""Polygon"", ""coordinates"": [[[-74.07253861427309, 40.62247908057686], [-74.07696962356569, 40.6201989015707], [-74.07984495162965, 40.618676024384726], [-74.08046722412111, 40.61822811272304], [-74.08112168312074, 40.617788341988025], [-74.08467829227449, 40.61519037802682]]]}"
d0ad8d63-5472-4408-b541-f62074659025,"{""type"": ""LineString"", ""coordinates"": [[-73.9200282096863, 40.6683348607101], [-73.90700340270998, 40.670271620493054]]}"
c0e928bf-57f2-41de-9e5e-736144d37f49,"{""type"": ""Point"", ""coordinates"": [-73.94680235534906, 40.83342164771372]}"
1a63f98b-1be9-4342-94db-1a93d74113a8,"{""type"": ""Point"", ""coordinates"": [-73.96834703162314, 40.712661015829134]}"
4c55b8fc-ff63-440f-938e-1ef54d6cd926,"{""type"": ""Point"", ""coordinates"": [-73.97812485694887, 40.739998150355156]}"
31d13080-269f-4113-a6e4-cc8b66506941,"{""type"": ""Point"", ""coordinates"": [-73.94695469643922, 40.850251292175834]}"
2ac35459-1518-4e31-b286-ad921273bfce,"{""type"": ""LineString"", ""coordinates"": [[-74.09033775329591, 40.57077319542732], [-74.10192489624025, 40.55991697065172]]}"
a630fc43-d4cb-4e4e-a420-0be10c2725a7,"{""type"": ""Polygon"", ""coordinates"": [[[-73.76677751541139, 40.59146197753256], [-73.76782894134523, 40.59139680039892], [-73.76976013183595, 40.59148641894128], [-73.7725603580475, 40.59163306720605], [-73.77627253532411, 40.591404947544106], [-73.77755999565126, 40.59133977035489], [-73.7799096107483, 40.59105869299872], [-73.78069281578065, 40.59095277948555]]]}"
3249e882-f2e2-472d-a6c0-db631fc85100,"{""type"": ""LineString"", ""coordinates"": [[-73.76368761062623, 40.73286862397745], [-73.74652147293092, 40.73582783599928]]}"
fb1022a5-c09a-4dc7-a78b-f5f1000ed2e6,"{""type"": ""Point"", ""coordinates"": [-73.92625051550569, 40.8556308262503]}"
f5efe318-1328-4e7a-a3ad-cb94eb2b81da,"{""type"": ""LineString"", ""coordinates"": [[-73.87013912200929, 40.7092552518601], [-73.86855125427248, 40.70536767492135]]}"
951c5dc2-847a-445a-9f4e-793269d40d0d,"{""type"": ""LineString"", ""coordinates"": [[-73.93468103371562, 40.71721472353005], [-73.92479428555818, 40.71976824927186]]}"
ccb0c254-403f-43d7-8b18-4d262c919867,"{""type"": ""Point"", ""coordinates"": [-73.77208828926088, 40.687366374926384]}"
5f740259-7a3a-49b5-856f-8b5533d3c4cc,"{""type"": ""Point"", ""coordinates"": [-73.93484005937354, 40.85900219755183]}"
3ad78827-e40e-4657-b454-640e3082222c,"{""type"": ""Polygon"", ""coordinates"": [[[-73.90652999281885, 40.87817769145235], [-73.90627369517462, 40.87854831211318], [-73.90608839225025, 40.878477553387036], [-73.90620050020516, 40.87831179451654], [-73.90601658029483, 40.87823127567244], [-73.90609111636877, 40.878086968927605], [-73.90602175612003, 40.87805033765288], [-73.90611357986927, 40.877962767910105], [-73.90652999281885, 40.87817769145235]]]}"
d1e81ee9-1e80-476d-ac4e-d8ed0f4629d2,"{""type"": ""Point"", ""coordinates"": [-73.94292945507915, 40.83111976501541]}"
0b6ade2f-f59c-4a85-a606-b0a88dd74d0d,"{""type"": ""Point"", ""coordinates"": [-73.83127927780153, 40.71370372777467]}"
14a66376-12df-4deb-acee-21ab5f6c968b,"{""type"": ""Point"", ""coordinates"": [-73.96011114120485, 40.759045764159865]}"
